Agurain/Salvatierra;Provincia de Araba/Álava;sáb. 09;12–18 h;Muy nuboso;11°C;10%;1300;5;13;2;13;65;100;E;10;;
Agurain/Salvatierra;Provincia de Araba/Álava;sáb. 09;18–24 h;Poco nuboso;6°C;0%;;5;13;2;13;65;100;E;5;;
Agurain/Salvatierra;Provincia de Araba/Álava;dom. 10;00–06 h;Poco nuboso;7°C;0%;;5;20;5;20;55;80;E;10;;
Agurain/Salvatierra;Provincia de Araba/Álava;dom. 10;06–12 h;Nubes altas;16°C;0%;;5;20;5;20;55;80;SE;25;40;
Agurain/Salvatierra;Provincia de Araba/Álava;dom. 10;12–18 h;Poco nuboso;18°C;0%;;5;20;5;20;55;80;SE;20;35;
Agurain/Salvatierra;Provincia de Araba/Álava;dom. 10;18–24 h;Poco nuboso;11°C;0%;;5;20;5;20;55;80;SE;35;50;
Agurain/Salvatierra;Provincia de Araba/Álava;lun. 11;00–12 h;Muy nuboso; ;0%;;9;21;9;21;35;80;SE;35;75;
Agurain/Salvatierra;Provincia de Araba/Álava;lun. 11;12–24 h;Intervalos nubosos con lluvia escasa; ;60%;;9;21;9;21;35;80;SE;30;75;
Agurain/Salvatierra;Provincia de Araba/Álava;mar. 12;00–12 h;Cubierto con lluvia; ;90%;;9;16;9;16;60;85;SE;30;80;
Agurain/Salvatierra;Provincia de Araba/Álava;mar. 12;12–24 h;Cubierto con lluvia; ;90%;;9;16;9;16;60;85;SE;15;;
Agurain/Salvatierra;Provincia de Araba/Álava;mié. 13; ;Cubierto con lluvia; ;90%;;8;15;8;15;80;95;NE;15;;
Agurain/Salvatierra;Provincia de Araba/Álava;jue. 14; ;Nuboso con lluvia escasa; ;55%;;8;18;8;18;65;95;NE;10;;
Agurain/Salvatierra;Provincia de Araba/Álava;vie. 15; ;Nuboso con lluvia escasa; ;55%;;9;17;9;17;75;90;N;15;;
Alegría-Dulantzi;Provincia de Araba/Álava;sáb. 09;12–18 h;Nuboso;11°C;10%;;5;13;3;13;60;100;NE;5;;
Alegría-Dulantzi;Provincia de Araba/Álava;sáb. 09;18–24 h;Poco nuboso;6°C;0%;;5;13;3;13;60;100;E;5;;
Alegría-Dulantzi;Provincia de Araba/Álava;dom. 10;00–06 h;Poco nuboso;7°C;0%;;5;20;4;20;50;75;SE;15;;
Alegría-Dulantzi;Provincia de Araba/Álava;dom. 10;06–12 h;Nubes altas;17°C;0%;;5;20;4;20;50;75;SE;35;50;
Alegría-Dulantzi;Provincia de Araba/Álava;dom. 10;12–18 h;Poco nuboso;18°C;0%;;5;20;4;20;50;75;SE;35;50;
Alegría-Dulantzi;Provincia de Araba/Álava;dom. 10;18–24 h;Poco nuboso;12°C;0%;;5;20;4;20;50;75;SE;45;70;
Alegría-Dulantzi;Provincia de Araba/Álava;lun. 11;00–12 h;Muy nuboso; ;0%;;9;21;9;21;35;80;SE;45;75;
Alegría-Dulantzi;Provincia de Araba/Álava;lun. 11;12–24 h;Intervalos nubosos con lluvia escasa; ;65%;;9;21;9;21;35;80;SE;30;75;
Alegría-Dulantzi;Provincia de Araba/Álava;mar. 12;00–12 h;Cubierto con lluvia; ;90%;;9;17;9;17;65;85;SE;30;80;
Alegría-Dulantzi;Provincia de Araba/Álava;mar. 12;12–24 h;Cubierto con lluvia; ;90%;;9;17;9;17;65;85;SE;15;;
Alegría-Dulantzi;Provincia de Araba/Álava;mié. 13; ;Muy nuboso con lluvia escasa; ;90%;;8;16;8;16;80;90;NE;15;;
Alegría-Dulantzi;Provincia de Araba/Álava;jue. 14; ;Nuboso con lluvia escasa; ;50%;;7;19;7;19;60;95;N;10;;
Alegría-Dulantzi;Provincia de Araba/Álava;vie. 15; ;Nuboso con lluvia escasa; ;50%;;8;18;8;18;75;90;N;15;;
Amurrio;Provincia de Araba/Álava;sáb. 09;12–18 h;Muy nuboso;14°C;15%;1300;7;16;5;16;50;90;NE;10;;
Amurrio;Provincia de Araba/Álava;sáb. 09;18–24 h;Poco nuboso;7°C;0%;;7;16;5;16;50;90;S;10;;
Amurrio;Provincia de Araba/Álava;dom. 10;00–06 h;Poco nuboso;8°C;0%;;6;25;5;25;40;80;S;15;;
Amurrio;Provincia de Araba/Álava;dom. 10;06–12 h;Nubes altas;20°C;0%;;6;25;5;25;40;80;S;15;;
Amurrio;Provincia de Araba/Álava;dom. 10;12–18 h;Poco nuboso;21°C;0%;;6;25;5;25;40;80;S;15;;
Amurrio;Provincia de Araba/Álava;dom. 10;18–24 h;Poco nuboso;15°C;0%;;6;25;5;25;40;80;S;25;50;
Amurrio;Provincia de Araba/Álava;lun. 11;00–12 h;Muy nuboso; ;0%;;11;24;11;24;35;75;S;25;65;
Amurrio;Provincia de Araba/Álava;lun. 11;12–24 h;Nuboso con lluvia; ;70%;;11;24;11;24;35;75;S;25;65;
Amurrio;Provincia de Araba/Álava;mar. 12;00–12 h;Muy nuboso con lluvia; ;75%;;12;20;12;20;55;80;S;20;;
Amurrio;Provincia de Araba/Álava;mar. 12;12–24 h;Cubierto con lluvia; ;80%;;12;20;12;20;55;80;S;15;;
Amurrio;Provincia de Araba/Álava;mié. 13; ;Muy nuboso con lluvia escasa; ;90%;;8;17;8;17;75;90;N;10;;
Amurrio;Provincia de Araba/Álava;jue. 14; ;Muy nuboso; ;45%;;8;20;8;20;60;85;N;10;;
Amurrio;Provincia de Araba/Álava;vie. 15; ;Muy nuboso; ;45%;;8;18;8;18;75;85;N;10;;
Añana;Provincia de Araba/Álava;sáb. 09;12–18 h;Poco nuboso;12°C;0%;;5;13;5;13;55;90;NE;10;;
Añana;Provincia de Araba/Álava;sáb. 09;18–24 h;Poco nuboso;5°C;0%;;5;13;5;13;55;90;C;0;;
Añana;Provincia de Araba/Álava;dom. 10;00–06 h;Poco nuboso;3°C;0%;;2;22;2;22;50;85;SE;5;;
Añana;Provincia de Araba/Álava;dom. 10;06–12 h;Nubes altas;17°C;0%;;2;22;2;22;50;85;S;15;;
Añana;Provincia de Araba/Álava;dom. 10;12–18 h;Poco nuboso;18°C;0%;;2;22;2;22;50;85;SE;20;;
Añana;Provincia de Araba/Álava;dom. 10;18–24 h;Poco nuboso;11°C;0%;;2;22;2;22;50;85;SE;10;;
Añana;Provincia de Araba/Álava;lun. 11;00–12 h;Muy nuboso; ;0%;;9;22;9;22;40;90;SE;25;55;
Añana;Provincia de Araba/Álava;lun. 11;12–24 h;Nuboso con tormenta; ;80%;;9;22;9;22;40;90;SE;25;55;
Añana;Provincia de Araba/Álava;mar. 12;00–12 h;Muy nuboso con lluvia; ;85%;;8;16;8;16;75;90;SE;10;;
Añana;Provincia de Araba/Álava;mar. 12;12–24 h;Cubierto con lluvia; ;80%;;8;16;8;16;75;90;S;10;;
Añana;Provincia de Araba/Álava;mié. 13; ;Muy nuboso con lluvia escasa; ;90%;;6;15;6;15;75;90;NE;15;;
Añana;Provincia de Araba/Álava;jue. 14; ;Nuboso; ;40%;;6;19;6;19;60;90;NE;15;;
Añana;Provincia de Araba/Álava;vie. 15; ;Nuboso; ;40%;;7;18;7;18;70;90;NE;15;;
Aramaio;Provincia de Araba/Álava;sáb. 09;12–18 h;Muy nuboso;13°C;10%;1300;6;15;4;15;60;90;NE;5;;
Aramaio;Provincia de Araba/Álava;sáb. 09;18–24 h;Poco nuboso;6°C;0%;;6;15;4;15;60;90;S;10;;
Aramaio;Provincia de Araba/Álava;dom. 10;00–06 h;Poco nuboso;7°C;0%;;5;23;3;23;45;80;S;15;;
Aramaio;Provincia de Araba/Álava;dom. 10;06–12 h;Nubes altas;20°C;0%;;5;23;3;23;45;80;S;15;;
Aramaio;Provincia de Araba/Álava;dom. 10;12–18 h;Poco nuboso;20°C;0%;;5;23;3;23;45;80;S;15;;
Aramaio;Provincia de Araba/Álava;dom. 10;18–24 h;Poco nuboso;15°C;0%;;5;23;3;23;45;80;S;20;;
Aramaio;Provincia de Araba/Álava;lun. 11;00–12 h;Nuboso; ;0%;;12;24;12;24;35;70;S;25;70;
Aramaio;Provincia de Araba/Álava;lun. 11;12–24 h;Intervalos nubosos; ;45%;;12;24;12;24;35;70;S;25;70;
Aramaio;Provincia de Araba/Álava;mar. 12;00–12 h;Cubierto con lluvia; ;70%;;12;19;12;19;55;85;S;25;70;
Aramaio;Provincia de Araba/Álava;mar. 12;12–24 h;Cubierto con lluvia; ;90%;;12;19;12;19;55;85;S;15;;
Aramaio;Provincia de Araba/Álava;mié. 13; ;Muy nuboso con lluvia; ;90%;;9;17;9;17;80;95;N;10;;
Aramaio;Provincia de Araba/Álava;jue. 14; ;Nuboso con lluvia escasa; ;50%;;9;20;9;20;65;95;N;10;;
Aramaio;Provincia de Araba/Álava;vie. 15; ;Muy nuboso con lluvia escasa; ;55%;;9;19;9;19;75;90;N;10;;
Armiñón;Provincia de Araba/Álava;sáb. 09;12–18 h;Muy nuboso;13°C;0%;;6;15;6;15;55;95;NE;10;;
Armiñón;Provincia de Araba/Álava;sáb. 09;18–24 h;Poco nuboso;6°C;0%;;6;15;6;15;55;95;C;0;;
Armiñón;Provincia de Araba/Álava;dom. 10;00–06 h;Poco nuboso;3°C;0%;;3;23;3;23;50;85;C;0;;
Armiñón;Provincia de Araba/Álava;dom. 10;06–12 h;Nubes altas;19°C;0%;;3;23;3;23;50;85;SE;10;;
Armiñón;Provincia de Araba/Álava;dom. 10;12–18 h;Poco nuboso;20°C;0%;;3;23;3;23;50;85;SE;20;;
Armiñón;Provincia de Araba/Álava;dom. 10;18–24 h;Poco nuboso;13°C;0%;;3;23;3;23;50;85;E;20;;
Armiñón;Provincia de Araba/Álava;lun. 11;00–12 h;Muy nuboso; ;0%;;10;23;10;23;35;85;SE;30;55;
Armiñón;Provincia de Araba/Álava;lun. 11;12–24 h;Intervalos nubosos con tormenta; ;80%;;10;23;10;23;35;85;SE;25;60;
Armiñón;Provincia de Araba/Álava;mar. 12;00–12 h;Cubierto con lluvia; ;90%;;10;17;10;17;70;85;SE;25;50;
Armiñón;Provincia de Araba/Álava;mar. 12;12–24 h;Cubierto con lluvia; ;90%;;10;17;10;17;70;85;SE;5;;
Armiñón;Provincia de Araba/Álava;mié. 13; ;Cubierto con lluvia escasa; ;85%;;8;17;8;17;75;90;NE;20;;
Armiñón;Provincia de Araba/Álava;jue. 14; ;Muy nuboso; ;40%;;7;20;7;20;60;90;NE;15;;
Armiñón;Provincia de Araba/Álava;vie. 15; ;Nuboso; ;40%;;7;20;7;20;65;90;NE;15;;
Arraia-Maeztu;Provincia de Araba/Álava;sáb. 09;12–18 h;Nuboso;11°C;5%;;5;13;2;13;60;95;NE;5;;
Arraia-Maeztu;Provincia de Araba/Álava;sáb. 09;18–24 h;Poco nuboso;6°C;0%;;5;13;2;13;60;95;O;5;;
Arraia-Maeztu;Provincia de Araba/Álava;dom. 10;00–06 h;Poco nuboso;7°C;0%;;5;19;5;19;50;85;S;10;;
Arraia-Maeztu;Provincia de Araba/Álava;dom. 10;06–12 h;Nubes altas;16°C;0%;;5;19;5;19;50;85;SE;30;50;
Arraia-Maeztu;Provincia de Araba/Álava;dom. 10;12–18 h;Poco nuboso;17°C;0%;;5;19;5;19;50;85;SE;25;45;
Arraia-Maeztu;Provincia de Araba/Álava;dom. 10;18–24 h;Nuboso;10°C;0%;;5;19;5;19;50;85;SE;30;50;
Arraia-Maeztu;Provincia de Araba/Álava;lun. 11;00–12 h;Muy nuboso; ;0%;;8;20;8;20;40;85;SE;30;80;
Arraia-Maeztu;Provincia de Araba/Álava;lun. 11;12–24 h;Nuboso con lluvia; ;70%;;8;20;8;20;40;85;SE;30;80;
Arraia-Maeztu;Provincia de Araba/Álava;mar. 12;00–12 h;Cubierto con lluvia; ;90%;;8;15;8;15;65;90;SE;30;75;
Arraia-Maeztu;Provincia de Araba/Álava;mar. 12;12–24 h;Cubierto con lluvia; ;90%;;8;15;8;15;65;90;SE;15;;
Arraia-Maeztu;Provincia de Araba/Álava;mié. 13; ;Cubierto con lluvia escasa; ;85%;;8;15;8;15;80;95;N;15;;
Arraia-Maeztu;Provincia de Araba/Álava;jue. 14; ;Nuboso; ;45%;;8;18;8;18;60;95;N;10;;
Arraia-Maeztu;Provincia de Araba/Álava;vie. 15; ;Nuboso; ;35%;;8;17;8;17;75;95;N;15;;
Arratzua-Ubarrundia;Provincia de Araba/Álava;sáb. 09;12–18 h;Nuboso;12°C;10%;;5;14;3;14;60;100;NE;10;;
Arratzua-Ubarrundia;Provincia de Araba/Álava;sáb. 09;18–24 h;Poco nuboso;6°C;0%;;5;14;3;14;60;100;C;0;;
Arratzua-Ubarrundia;Provincia de Araba/Álava;dom. 10;00–06 h;Poco nuboso;5°C;0%;;3;20;3;20;50;75;C;0;;
Arratzua-Ubarrundia;Provincia de Araba/Álava;dom. 10;06–12 h;Nubes altas;18°C;0%;;3;20;3;20;50;75;SE;25;40;
Arratzua-Ubarrundia;Provincia de Araba/Álava;dom. 10;12–18 h;Poco nuboso;18°C;0%;;3;20;3;20;50;75;SE;30;45;
Arratzua-Ubarrundia;Provincia de Araba/Álava;dom. 10;18–24 h;Poco nuboso;12°C;0%;;3;20;3;20;50;75;SE;40;65;
Arratzua-Ubarrundia;Provincia de Araba/Álava;lun. 11;00–12 h;Muy nuboso; ;0%;;10;21;10;21;40;80;SE;40;70;
Arratzua-Ubarrundia;Provincia de Araba/Álava;lun. 11;12–24 h;Intervalos nubosos con lluvia; ;70%;;10;21;10;21;40;80;SE;30;70;
Arratzua-Ubarrundia;Provincia de Araba/Álava;mar. 12;00–12 h;Cubierto con lluvia; ;90%;;10;18;10;18;70;85;SE;30;75;
Arratzua-Ubarrundia;Provincia de Araba/Álava;mar. 12;12–24 h;Cubierto con lluvia; ;95%;;10;18;10;18;70;85;S;10;;
Arratzua-Ubarrundia;Provincia de Araba/Álava;mié. 13; ;Muy nuboso con lluvia escasa; ;90%;;7;16;7;16;75;95;NE;15;;
Arratzua-Ubarrundia;Provincia de Araba/Álava;jue. 14; ;Intervalos nubosos; ;50%;;7;19;7;19;60;95;N;15;;
Arratzua-Ubarrundia;Provincia de Araba/Álava;vie. 15; ;Nuboso; ;50%;;8;18;8;18;70;90;N;15;;
Artziniega;Provincia de Araba/Álava;sáb. 09;12–18 h;Muy nuboso;13°C;10%;;6;15;6;15;55;95;NE;5;;
Artziniega;Provincia de Araba/Álava;sáb. 09;18–24 h;Poco nuboso;6°C;0%;;6;15;6;15;55;95;C;0;;
Artziniega;Provincia de Araba/Álava;dom. 10;00–06 h;Poco nuboso;7°C;0%;;5;26;5;26;40;85;S;10;;
Artziniega;Provincia de Araba/Álava;dom. 10;06–12 h;Nubes altas;21°C;0%;;5;26;5;26;40;85;S;15;;
Artziniega;Provincia de Araba/Álava;dom. 10;12–18 h;Poco nuboso;21°C;0%;;5;26;5;26;40;85;S;15;;
Artziniega;Provincia de Araba/Álava;dom. 10;18–24 h;Poco nuboso;16°C;0%;;5;26;5;26;40;85;S;25;55;
Artziniega;Provincia de Araba/Álava;lun. 11;00–12 h;Nuboso; ;0%;;12;26;12;26;30;75;S;25;55;
Artziniega;Provincia de Araba/Álava;lun. 11;12–24 h;Nuboso con lluvia escasa; ;75%;;12;26;12;26;30;75;S;20;55;
Artziniega;Provincia de Araba/Álava;mar. 12;00–12 h;Muy nuboso con lluvia; ;70%;;12;21;12;21;50;85;S;15;;
Artziniega;Provincia de Araba/Álava;mar. 12;12–24 h;Cubierto con lluvia; ;80%;;12;21;12;21;50;85;S;15;;
Artziniega;Provincia de Araba/Álava;mié. 13; ;Muy nuboso con lluvia escasa; ;90%;;9;17;9;17;75;95;NE;10;;
Artziniega;Provincia de Araba/Álava;jue. 14; ;Nuboso; ;50%;;7;20;7;20;65;90;NE;10;;
Artziniega;Provincia de Araba/Álava;vie. 15; ;Muy nuboso; ;40%;;8;19;8;19;75;90;N;10;;
Asparrena;Provincia de Araba/Álava;sáb. 09;12–18 h;Nuboso;11°C;5%;;4;12;2;12;60;100;NE;10;;
Asparrena;Provincia de Araba/Álava;sáb. 09;18–24 h;Poco nuboso;5°C;0%;;4;12;2;12;60;100;SE;15;;
Asparrena;Provincia de Araba/Álava;dom. 10;00–06 h;Poco nuboso;7°C;0%;;5;20;2;20;50;80;SE;30;55;
Asparrena;Provincia de Araba/Álava;dom. 10;06–12 h;Nubes altas;16°C;0%;;5;20;2;20;50;80;SE;35;65;
Asparrena;Provincia de Araba/Álava;dom. 10;12–18 h;Poco nuboso;18°C;0%;;5;20;2;20;50;80;SE;30;60;
Asparrena;Provincia de Araba/Álava;dom. 10;18–24 h;Poco nuboso;11°C;0%;;5;20;2;20;50;80;SE;40;80;
Asparrena;Provincia de Araba/Álava;lun. 11;00–12 h;Muy nuboso; ;0%;;9;21;9;21;35;80;SE;40;85;
Asparrena;Provincia de Araba/Álava;lun. 11;12–24 h;Intervalos nubosos con lluvia escasa; ;60%;;9;21;9;21;35;80;SE;30;85;
Asparrena;Provincia de Araba/Álava;mar. 12;00–12 h;Cubierto con lluvia; ;90%;;9;16;9;16;60;85;SE;30;80;
Asparrena;Provincia de Araba/Álava;mar. 12;12–24 h;Cubierto con lluvia; ;90%;;9;16;9;16;60;85;SE;20;;
Asparrena;Provincia de Araba/Álava;mié. 13; ;Cubierto con lluvia; ;90%;;8;15;8;15;80;95;N;15;;
Asparrena;Provincia de Araba/Álava;jue. 14; ;Nuboso con lluvia escasa; ;50%;;8;18;8;18;65;95;N;10;;
Asparrena;Provincia de Araba/Álava;vie. 15; ;Muy nuboso con lluvia escasa; ;50%;;8;17;8;17;75;90;N;15;;
Ayala/Aiara;Provincia de Araba/Álava;sáb. 09;12–18 h;Nuboso;13°C;20%;1300;6;14;5;14;55;95;NE;5;;
Ayala/Aiara;Provincia de Araba/Álava;sáb. 09;18–24 h;Poco nuboso;6°C;0%;;6;14;5;14;55;95;E;5;;
Ayala/Aiara;Provincia de Araba/Álava;dom. 10;00–06 h;Poco nuboso;7°C;0%;;6;24;6;24;45;75;E;5;;
Ayala/Aiara;Provincia de Araba/Álava;dom. 10;06–12 h;Nubes altas;19°C;0%;;6;24;6;24;45;75;S;15;;
Ayala/Aiara;Provincia de Araba/Álava;dom. 10;12–18 h;Poco nuboso;20°C;0%;;6;24;6;24;45;75;SE;15;;
Ayala/Aiara;Provincia de Araba/Álava;dom. 10;18–24 h;Poco nuboso;15°C;0%;;6;24;6;24;45;75;S;30;50;
Ayala/Aiara;Provincia de Araba/Álava;lun. 11;00–12 h;Nuboso; ;0%;;11;24;11;24;35;75;S;30;65;
Ayala/Aiara;Provincia de Araba/Álava;lun. 11;12–24 h;Nuboso con lluvia; ;75%;;11;24;11;24;35;75;S;25;65;
Ayala/Aiara;Provincia de Araba/Álava;mar. 12;00–12 h;Muy nuboso con lluvia; ;75%;;11;19;11;19;55;85;S;15;;
Ayala/Aiara;Provincia de Araba/Álava;mar. 12;12–24 h;Cubierto con lluvia; ;85%;;11;19;11;19;55;85;S;15;;
Ayala/Aiara;Provincia de Araba/Álava;mié. 13; ;Muy nuboso con lluvia escasa; ;95%;;8;16;8;16;80;90;N;10;;
Ayala/Aiara;Provincia de Araba/Álava;jue. 14; ;Muy nuboso; ;50%;;7;19;7;19;60;85;NE;10;;
Ayala/Aiara;Provincia de Araba/Álava;vie. 15; ;Muy nuboso; ;45%;;8;17;8;17;70;85;N;10;;
Baños de Ebro/Mañueta;Provincia de Araba/Álava;sáb. 09;12–18 h;Nubes altas;14°C;0%;;8;16;6;16;40;90;C;0;;
Baños de Ebro/Mañueta;Provincia de Araba/Álava;sáb. 09;18–24 h;Poco nuboso;8°C;0%;;8;16;6;16;40;90;E;10;;
Baños de Ebro/Mañueta;Provincia de Araba/Álava;dom. 10;00–06 h;Poco nuboso;6°C;0%;;6;23;3;23;35;80;E;15;;
Baños de Ebro/Mañueta;Provincia de Araba/Álava;dom. 10;06–12 h;Nubes altas;20°C;0%;;6;23;3;23;35;80;E;35;55;
Baños de Ebro/Mañueta;Provincia de Araba/Álava;dom. 10;12–18 h;Poco nuboso;20°C;0%;;6;23;3;23;35;80;E;30;45;
Baños de Ebro/Mañueta;Provincia de Araba/Álava;dom. 10;18–24 h;Poco nuboso;12°C;0%;;6;23;3;23;35;80;E;35;50;
Baños de Ebro/Mañueta;Provincia de Araba/Álava;lun. 11;00–12 h;Nuboso; ;0%;;10;24;10;24;30;90;E;35;65;
Baños de Ebro/Mañueta;Provincia de Araba/Álava;lun. 11;12–24 h;Nuboso con lluvia escasa; ;55%;;10;24;10;24;30;90;E;30;65;
Baños de Ebro/Mañueta;Provincia de Araba/Álava;mar. 12;00–12 h;Cubierto con lluvia; ;90%;;10;17;10;17;75;90;E;25;55;
Baños de Ebro/Mañueta;Provincia de Araba/Álava;mar. 12;12–24 h;Cubierto con lluvia; ;95%;;10;17;10;17;75;90;NE;10;;
Baños de Ebro/Mañueta;Provincia de Araba/Álava;mié. 13; ;Muy nuboso con lluvia escasa; ;85%;;10;17;10;17;65;95;N;10;;
Baños de Ebro/Mañueta;Provincia de Araba/Álava;jue. 14; ;Nuboso; ;45%;;9;21;9;21;55;95;N;5;;
Baños de Ebro/Mañueta;Provincia de Araba/Álava;vie. 15; ;Muy nuboso con lluvia escasa; ;50%;;8;20;8;20;60;85;N;5;;
Barrundia;Provincia de Araba/Álava;sáb. 09;12–18 h;Muy nuboso;11°C;15%;1300;4;13;3;13;60;100;NE;5;;
Barrundia;Provincia de Araba/Álava;sáb. 09;18–24 h;Poco nuboso;5°C;0%;;4;13;3;13;60;100;E;5;;
Barrundia;Provincia de Araba/Álava;dom. 10;00–06 h;Poco nuboso;7°C;0%;;5;20;5;20;50;75;E;10;;
Barrundia;Provincia de Araba/Álava;dom. 10;06–12 h;Nubes altas;17°C;0%;;5;20;5;20;50;75;SE;25;50;
Barrundia;Provincia de Araba/Álava;dom. 10;12–18 h;Poco nuboso;18°C;0%;;5;20;5;20;50;75;SE;20;35;
Barrundia;Provincia de Araba/Álava;dom. 10;18–24 h;Poco nuboso;12°C;0%;;5;20;5;20;50;75;SE;35;60;
Barrundia;Provincia de Araba/Álava;lun. 11;00–12 h;Muy nuboso; ;0%;;10;21;10;21;40;80;SE;35;70;
Barrundia;Provincia de Araba/Álava;lun. 11;12–24 h;Intervalos nubosos con lluvia escasa; ;60%;;10;21;10;21;40;80;SE;30;70;
Barrundia;Provincia de Araba/Álava;mar. 12;00–12 h;Cubierto con lluvia; ;90%;;10;17;10;17;65;90;SE;30;75;
Barrundia;Provincia de Araba/Álava;mar. 12;12–24 h;Cubierto con lluvia; ;90%;;10;17;10;17;65;90;SE;15;;
Barrundia;Provincia de Araba/Álava;mié. 13; ;Muy nuboso con lluvia; ;90%;;7;15;7;15;80;95;NE;15;;
Barrundia;Provincia de Araba/Álava;jue. 14; ;Nuboso con lluvia escasa; ;55%;;7;18;7;18;65;100;N;10;;
Barrundia;Provincia de Araba/Álava;vie. 15; ;Nuboso con lluvia escasa; ;55%;;8;17;8;17;80;95;N;15;;
Berantevilla;Provincia de Araba/Álava;sáb. 09;12–18 h;Nuboso;13°C;0%;;6;15;6;15;55;95;NE;5;;
Berantevilla;Provincia de Araba/Álava;sáb. 09;18–24 h;Poco nuboso;7°C;0%;;6;15;6;15;55;95;C;0;;
Berantevilla;Provincia de Araba/Álava;dom. 10;00–06 h;Poco nuboso;4°C;0%;;4;23;4;23;50;80;E;5;;
Berantevilla;Provincia de Araba/Álava;dom. 10;06–12 h;Nubes altas;18°C;0%;;4;23;4;23;50;80;SE;10;;
Berantevilla;Provincia de Araba/Álava;dom. 10;12–18 h;Poco nuboso;20°C;0%;;4;23;4;23;50;80;SE;20;35;
Berantevilla;Provincia de Araba/Álava;dom. 10;18–24 h;Poco nuboso;12°C;0%;;4;23;4;23;50;80;SE;20;;
Berantevilla;Provincia de Araba/Álava;lun. 11;00–12 h;Muy nuboso; ;0%;;10;24;10;24;35;85;E;30;60;
Berantevilla;Provincia de Araba/Álava;lun. 11;12–24 h;Intervalos nubosos con tormenta; ;80%;;10;24;10;24;35;85;SE;30;60;
Berantevilla;Provincia de Araba/Álava;mar. 12;00–12 h;Cubierto con lluvia; ;90%;;9;17;9;17;75;90;E;25;55;
Berantevilla;Provincia de Araba/Álava;mar. 12;12–24 h;Cubierto con lluvia; ;90%;;9;17;9;17;75;90;SE;10;;
Berantevilla;Provincia de Araba/Álava;mié. 13; ;Cubierto con lluvia escasa; ;90%;;8;17;8;17;70;90;NE;15;;
Berantevilla;Provincia de Araba/Álava;jue. 14; ;Muy nuboso; ;45%;;7;20;7;20;60;90;N;10;;
Berantevilla;Provincia de Araba/Álava;vie. 15; ;Nuboso; ;50%;;7;20;7;20;65;90;NE;15;;
Bernedo;Provincia de Araba/Álava;sáb. 09;12–18 h;Nubes altas;10°C;0%;;5;12;2;12;55;95;N;5;;
Bernedo;Provincia de Araba/Álava;sáb. 09;18–24 h;Poco nuboso;5°C;0%;;5;12;2;12;55;95;E;10;;
Bernedo;Provincia de Araba/Álava;dom. 10;00–06 h;Poco nuboso;5°C;0%;;4;17;1;17;50;85;E;15;;
Bernedo;Provincia de Araba/Álava;dom. 10;06–12 h;Nubes altas;15°C;0%;;4;17;1;17;50;85;SE;30;50;
Bernedo;Provincia de Araba/Álava;dom. 10;12–18 h;Poco nuboso;16°C;0%;;4;17;1;17;50;85;SE;25;45;
Bernedo;Provincia de Araba/Álava;dom. 10;18–24 h;Nuboso;9°C;0%;;4;17;1;17;50;85;E;35;55;
Bernedo;Provincia de Araba/Álava;lun. 11;00–12 h;Muy nuboso; ;0%;;7;18;7;18;40;90;E;35;70;
Bernedo;Provincia de Araba/Álava;lun. 11;12–24 h;Muy nuboso con lluvia escasa; ;65%;;7;18;7;18;40;90;E;30;70;
Bernedo;Provincia de Araba/Álava;mar. 12;00–12 h;Cubierto con lluvia; ;90%;;7;13;7;13;75;95;E;25;60;
Bernedo;Provincia de Araba/Álava;mar. 12;12–24 h;Cubierto con lluvia; ;90%;;7;13;7;13;75;95;E;15;;
Bernedo;Provincia de Araba/Álava;mié. 13; ;Muy nuboso con lluvia escasa; ;85%;;8;14;8;14;80;95;N;15;;
Bernedo;Provincia de Araba/Álava;jue. 14; ;Nuboso; ;45%;;7;17;7;17;60;100;N;10;;
Bernedo;Provincia de Araba/Álava;vie. 15; ;Nuboso; ;45%;;7;16;7;16;75;95;N;10;;
Campezo/Kanpezu;Provincia de Araba/Álava;sáb. 09;12–18 h;Nubes altas;11°C;0%;;4;14;3;14;55;100;NE;5;;
Campezo/Kanpezu;Provincia de Araba/Álava;sáb. 09;18–24 h;Poco nuboso;6°C;0%;;4;14;3;14;55;100;NO;5;;
Campezo/Kanpezu;Provincia de Araba/Álava;dom. 10;00–06 h;Poco nuboso;6°C;0%;;4;19;4;19;45;80;C;0;;
Campezo/Kanpezu;Provincia de Araba/Álava;dom. 10;06–12 h;Nubes altas;16°C;0%;;4;19;4;19;45;80;SE;25;45;
Campezo/Kanpezu;Provincia de Araba/Álava;dom. 10;12–18 h;Poco nuboso;18°C;0%;;4;19;4;19;45;80;SE;20;40;
Campezo/Kanpezu;Provincia de Araba/Álava;dom. 10;18–24 h;Niebla;11°C;0%;;4;19;4;19;45;80;SE;25;40;
Campezo/Kanpezu;Provincia de Araba/Álava;lun. 11;00–12 h;Muy nuboso; ;0%;;9;21;9;21;35;85;SE;30;70;
Campezo/Kanpezu;Provincia de Araba/Álava;lun. 11;12–24 h;Muy nuboso con lluvia escasa; ;60%;;9;21;9;21;35;85;SE;30;70;
Campezo/Kanpezu;Provincia de Araba/Álava;mar. 12;00–12 h;Cubierto con lluvia; ;90%;;8;16;8;16;65;90;E;25;60;
Campezo/Kanpezu;Provincia de Araba/Álava;mar. 12;12–24 h;Cubierto con lluvia; ;90%;;8;16;8;16;65;90;SE;15;;
Campezo/Kanpezu;Provincia de Araba/Álava;mié. 13; ;Muy nuboso con lluvia escasa; ;85%;;9;16;9;16;75;95;N;15;;
Campezo/Kanpezu;Provincia de Araba/Álava;jue. 14; ;Nuboso; ;45%;;8;19;8;19;60;100;N;10;;
Campezo/Kanpezu;Provincia de Araba/Álava;vie. 15; ;Nuboso; ;40%;;8;18;8;18;65;95;N;15;;
Elburgo/Burgelu;Provincia de Araba/Álava;sáb. 09;12–18 h;Muy nuboso;11°C;10%;;5;13;2;13;60;100;NE;10;;
Elburgo/Burgelu;Provincia de Araba/Álava;sáb. 09;18–24 h;Poco nuboso;6°C;0%;;5;13;2;13;60;100;E;5;;
Elburgo/Burgelu;Provincia de Araba/Álava;dom. 10;00–06 h;Poco nuboso;7°C;0%;;5;20;4;20;50;75;SE;15;;
Elburgo/Burgelu;Provincia de Araba/Álava;dom. 10;06–12 h;Nubes altas;17°C;0%;;5;20;4;20;50;75;SE;35;55;
Elburgo/Burgelu;Provincia de Araba/Álava;dom. 10;12–18 h;Poco nuboso;18°C;0%;;5;20;4;20;50;75;SE;30;50;
Elburgo/Burgelu;Provincia de Araba/Álava;dom. 10;18–24 h;Poco nuboso;12°C;0%;;5;20;4;20;50;75;SE;45;70;
Elburgo/Burgelu;Provincia de Araba/Álava;lun. 11;00–12 h;Muy nuboso; ;0%;;10;21;10;21;40;80;SE;45;75;
Elburgo/Burgelu;Provincia de Araba/Álava;lun. 11;12–24 h;Intervalos nubosos con lluvia escasa; ;65%;;10;21;10;21;40;80;SE;30;75;
Elburgo/Burgelu;Provincia de Araba/Álava;mar. 12;00–12 h;Cubierto con lluvia; ;90%;;10;17;10;17;65;85;SE;30;80;
Elburgo/Burgelu;Provincia de Araba/Álava;mar. 12;12–24 h;Cubierto con lluvia; ;90%;;10;17;10;17;65;85;SE;15;;
Elburgo/Burgelu;Provincia de Araba/Álava;mié. 13; ;Muy nuboso con lluvia escasa; ;90%;;8;16;8;16;80;95;NE;15;;
Elburgo/Burgelu;Provincia de Araba/Álava;jue. 14; ;Nuboso con lluvia escasa; ;50%;;7;19;7;19;60;95;N;15;;
Elburgo/Burgelu;Provincia de Araba/Álava;vie. 15; ;Nuboso; ;50%;;8;18;8;18;75;90;N;15;;
Elciego;Provincia de Araba/Álava;sáb. 09;12–18 h;Nuboso;14°C;0%;;8;16;6;16;40;90;C;0;;
Elciego;Provincia de Araba/Álava;sáb. 09;18–24 h;Poco nuboso;8°C;0%;;8;16;6;16;40;90;E;10;;
Elciego;Provincia de Araba/Álava;dom. 10;00–06 h;Poco nuboso;6°C;0%;;6;22;3;22;35;80;E;15;;
Elciego;Provincia de Araba/Álava;dom. 10;06–12 h;Nubes altas;20°C;0%;;6;22;3;22;35;80;E;35;55;
Elciego;Provincia de Araba/Álava;dom. 10;12–18 h;Poco nuboso;20°C;0%;;6;22;3;22;35;80;E;30;45;
Elciego;Provincia de Araba/Álava;dom. 10;18–24 h;Poco nuboso;12°C;0%;;6;22;3;22;35;80;E;35;50;
Elciego;Provincia de Araba/Álava;lun. 11;00–12 h;Nuboso; ;0%;;10;24;10;24;30;90;E;35;65;
Elciego;Provincia de Araba/Álava;lun. 11;12–24 h;Nuboso con lluvia escasa; ;55%;;10;24;10;24;30;90;E;30;65;
Elciego;Provincia de Araba/Álava;mar. 12;00–12 h;Cubierto con lluvia; ;90%;;10;17;10;17;75;90;E;25;55;
Elciego;Provincia de Araba/Álava;mar. 12;12–24 h;Cubierto con lluvia; ;95%;;10;17;10;17;75;90;NE;10;;
Elciego;Provincia de Araba/Álava;mié. 13; ;Muy nuboso con lluvia escasa; ;85%;;10;17;10;17;65;95;N;10;;
Elciego;Provincia de Araba/Álava;jue. 14; ;Nuboso; ;45%;;10;21;10;21;55;95;N;5;;
Elciego;Provincia de Araba/Álava;vie. 15; ;Muy nuboso con lluvia escasa; ;50%;;8;20;8;20;60;85;N;5;;
Elvillar/Bilar;Provincia de Araba/Álava;sáb. 09;12–18 h;Nuboso;13°C;0%;;7;15;5;15;50;90;N;10;;
Elvillar/Bilar;Provincia de Araba/Álava;sáb. 09;18–24 h;Poco nuboso;7°C;0%;;7;15;5;15;50;90;NE;10;;
Elvillar/Bilar;Provincia de Araba/Álava;dom. 10;00–06 h;Poco nuboso;6°C;0%;;5;21;2;21;40;80;E;15;;
Elvillar/Bilar;Provincia de Araba/Álava;dom. 10;06–12 h;Nubes altas;18°C;0%;;5;21;2;21;40;80;E;35;55;
Elvillar/Bilar;Provincia de Araba/Álava;dom. 10;12–18 h;Poco nuboso;19°C;0%;;5;21;2;21;40;80;E;30;45;
Elvillar/Bilar;Provincia de Araba/Álava;dom. 10;18–24 h;Poco nuboso;11°C;0%;;5;21;2;21;40;80;E;40;55;
Elvillar/Bilar;Provincia de Araba/Álava;lun. 11;00–12 h;Muy nuboso; ;0%;;9;22;9;22;35;90;E;40;70;
Elvillar/Bilar;Provincia de Araba/Álava;lun. 11;12–24 h;Muy nuboso con lluvia escasa; ;65%;;9;22;9;22;35;90;E;30;70;
Elvillar/Bilar;Provincia de Araba/Álava;mar. 12;00–12 h;Cubierto con lluvia; ;95%;;9;16;9;16;75;90;E;25;60;
Elvillar/Bilar;Provincia de Araba/Álava;mar. 12;12–24 h;Cubierto con lluvia; ;95%;;9;16;9;16;75;90;E;10;;
Elvillar/Bilar;Provincia de Araba/Álava;mié. 13; ;Muy nuboso con lluvia escasa; ;80%;;9;17;9;17;70;95;N;10;;
Elvillar/Bilar;Provincia de Araba/Álava;jue. 14; ;Nuboso; ;40%;;9;20;9;20;55;95;N;5;;
Elvillar/Bilar;Provincia de Araba/Álava;vie. 15; ;Muy nuboso; ;50%;;8;19;8;19;65;90;N;10;;
Erriberagoitia/Ribera Alta;Provincia de Araba/Álava;sáb. 09;12–18 h;Nubes altas;12°C;0%;;5;14;5;14;55;90;NE;10;;
Erriberagoitia/Ribera Alta;Provincia de Araba/Álava;sáb. 09;18–24 h;Poco nuboso;6°C;0%;;5;14;5;14;55;90;C;0;;
Erriberagoitia/Ribera Alta;Provincia de Araba/Álava;dom. 10;00–06 h;Poco nuboso;3°C;0%;;3;22;3;22;50;85;C;0;;
Erriberagoitia/Ribera Alta;Provincia de Araba/Álava;dom. 10;06–12 h;Nubes altas;18°C;0%;;3;22;3;22;50;85;SE;15;;
Erriberagoitia/Ribera Alta;Provincia de Araba/Álava;dom. 10;12–18 h;Poco nuboso;19°C;0%;;3;22;3;22;50;85;SE;20;;
Erriberagoitia/Ribera Alta;Provincia de Araba/Álava;dom. 10;18–24 h;Poco nuboso;12°C;0%;;3;22;3;22;50;85;SE;20;;
Erriberagoitia/Ribera Alta;Provincia de Araba/Álava;lun. 11;00–12 h;Muy nuboso; ;0%;;9;22;9;22;40;85;SE;25;55;
Erriberagoitia/Ribera Alta;Provincia de Araba/Álava;lun. 11;12–24 h;Intervalos nubosos con tormenta; ;80%;;9;22;9;22;40;85;SE;25;55;
Erriberagoitia/Ribera Alta;Provincia de Araba/Álava;mar. 12;00–12 h;Cubierto con lluvia; ;90%;;9;17;9;17;75;85;SE;20;;
Erriberagoitia/Ribera Alta;Provincia de Araba/Álava;mar. 12;12–24 h;Cubierto con lluvia; ;85%;;9;17;9;17;75;85;S;5;;
Erriberagoitia/Ribera Alta;Provincia de Araba/Álava;mié. 13; ;Muy nuboso con lluvia escasa; ;90%;;7;16;7;16;75;85;NE;15;;
Erriberagoitia/Ribera Alta;Provincia de Araba/Álava;jue. 14; ;Nuboso; ;40%;;7;20;7;20;60;85;NE;15;;
Erriberagoitia/Ribera Alta;Provincia de Araba/Álava;vie. 15; ;Nuboso; ;45%;;7;19;7;19;65;90;NE;15;;
Harana/Valle de Arana;Provincia de Araba/Álava;sáb. 09;12–18 h;Nuboso;9°C;0%;;3;11;1;11;60;95;C;0;;
Harana/Valle de Arana;Provincia de Araba/Álava;sáb. 09;18–24 h;Poco nuboso;5°C;0%;;3;11;1;11;60;95;C;0;;
Harana/Valle de Arana;Provincia de Araba/Álava;dom. 10;00–06 h;Poco nuboso;5°C;0%;;3;17;2;17;50;85;SE;15;;
Harana/Valle de Arana;Provincia de Araba/Álava;dom. 10;06–12 h;Nubes altas;14°C;0%;;3;17;2;17;50;85;SE;25;50;
Harana/Valle de Arana;Provincia de Araba/Álava;dom. 10;12–18 h;Poco nuboso;16°C;0%;;3;17;2;17;50;85;SE;20;40;
Harana/Valle de Arana;Provincia de Araba/Álava;dom. 10;18–24 h;Niebla;9°C;0%;;3;17;2;17;50;85;SE;30;50;
Harana/Valle de Arana;Provincia de Araba/Álava;lun. 11;00–12 h;Muy nuboso; ;0%;;8;19;8;19;40;90;SE;30;80;
Harana/Valle de Arana;Provincia de Araba/Álava;lun. 11;12–24 h;Nuboso con lluvia; ;65%;;8;19;8;19;40;90;SE;30;80;
Harana/Valle de Arana;Provincia de Araba/Álava;mar. 12;00–12 h;Cubierto con lluvia; ;90%;;7;14;7;14;70;95;SE;25;70;
Harana/Valle de Arana;Provincia de Araba/Álava;mar. 12;12–24 h;Cubierto con lluvia; ;90%;;7;14;7;14;70;95;SE;15;;
Harana/Valle de Arana;Provincia de Araba/Álava;mié. 13; ;Cubierto con lluvia escasa; ;80%;;8;14;8;14;85;100;N;15;;
Harana/Valle de Arana;Provincia de Araba/Álava;jue. 14; ;Nuboso; ;45%;;7;17;7;17;65;100;N;10;;
Harana/Valle de Arana;Provincia de Araba/Álava;vie. 15; ;Nuboso; ;35%;;8;15;8;15;75;95;N;15;;
Iruña Oka/Iruña de Oca;Provincia de Araba/Álava;sáb. 09;12–18 h;Nubes altas;13°C;5%;;5;14;2;14;60;100;NE;10;;
Iruña Oka/Iruña de Oca;Provincia de Araba/Álava;sáb. 09;18–24 h;Poco nuboso;7°C;0%;;5;14;2;14;60;100;SO;5;;
Iruña Oka/Iruña de Oca;Provincia de Araba/Álava;dom. 10;00–06 h;Poco nuboso;3°C;0%;;3;22;-1;22;50;95;SO;15;;
Iruña Oka/Iruña de Oca;Provincia de Araba/Álava;dom. 10;06–12 h;Nubes altas;18°C;0%;;3;22;-1;22;50;95;S;20;;
Iruña Oka/Iruña de Oca;Provincia de Araba/Álava;dom. 10;12–18 h;Poco nuboso;19°C;0%;;3;22;-1;22;50;95;SE;20;;
Iruña Oka/Iruña de Oca;Provincia de Araba/Álava;dom. 10;18–24 h;Poco nuboso;12°C;0%;;3;22;-1;22;50;95;S;15;;
Iruña Oka/Iruña de Oca;Provincia de Araba/Álava;lun. 11;00–12 h;Muy nuboso; ;0%;;9;22;9;22;40;90;SE;30;60;
Iruña Oka/Iruña de Oca;Provincia de Araba/Álava;lun. 11;12–24 h;Intervalos nubosos con lluvia; ;80%;;9;22;9;22;40;90;SE;25;60;
Iruña Oka/Iruña de Oca;Provincia de Araba/Álava;mar. 12;00–12 h;Cubierto con lluvia; ;85%;;9;17;9;17;75;90;SE;25;60;
Iruña Oka/Iruña de Oca;Provincia de Araba/Álava;mar. 12;12–24 h;Cubierto con lluvia; ;90%;;9;17;9;17;75;90;S;10;;
Iruña Oka/Iruña de Oca;Provincia de Araba/Álava;mié. 13; ;Cubierto con lluvia escasa; ;95%;;7;16;7;16;80;95;NE;15;;
Iruña Oka/Iruña de Oca;Provincia de Araba/Álava;jue. 14; ;Muy nuboso; ;45%;;7;20;7;20;65;95;NE;15;;
Iruña Oka/Iruña de Oca;Provincia de Araba/Álava;vie. 15; ;Nuboso con lluvia escasa; ;50%;;7;19;7;19;70;95;N;15;;
Iruraiz-Gauna;Provincia de Araba/Álava;sáb. 09;12–18 h;Muy nuboso;11°C;10%;;5;13;3;13;65;100;NE;5;;
Iruraiz-Gauna;Provincia de Araba/Álava;sáb. 09;18–24 h;Poco nuboso;6°C;0%;;5;13;3;13;65;100;NE;5;;
Iruraiz-Gauna;Provincia de Araba/Álava;dom. 10;00–06 h;Poco nuboso;7°C;0%;;5;19;4;19;50;75;SE;15;;
Iruraiz-Gauna;Provincia de Araba/Álava;dom. 10;06–12 h;Nubes altas;16°C;0%;;5;19;4;19;50;75;SE;35;50;
Iruraiz-Gauna;Provincia de Araba/Álava;dom. 10;12–18 h;Poco nuboso;18°C;0%;;5;19;4;19;50;75;SE;35;50;
Iruraiz-Gauna;Provincia de Araba/Álava;dom. 10;18–24 h;Poco nuboso;11°C;0%;;5;19;4;19;50;75;SE;45;70;
Iruraiz-Gauna;Provincia de Araba/Álava;lun. 11;00–12 h;Muy nuboso; ;0%;;9;21;9;21;35;80;SE;45;80;
Iruraiz-Gauna;Provincia de Araba/Álava;lun. 11;12–24 h;Intervalos nubosos con lluvia escasa; ;65%;;9;21;9;21;35;80;SE;30;80;
Iruraiz-Gauna;Provincia de Araba/Álava;mar. 12;00–12 h;Cubierto con lluvia; ;90%;;9;16;9;16;65;85;SE;30;80;
Iruraiz-Gauna;Provincia de Araba/Álava;mar. 12;12–24 h;Cubierto con lluvia; ;90%;;9;16;9;16;65;85;SE;15;;
Iruraiz-Gauna;Provincia de Araba/Álava;mié. 13; ;Muy nuboso con lluvia; ;90%;;8;15;8;15;80;95;NE;15;;
Iruraiz-Gauna;Provincia de Araba/Álava;jue. 14; ;Nuboso con lluvia escasa; ;50%;;7;18;7;18;60;95;N;10;;
Iruraiz-Gauna;Provincia de Araba/Álava;vie. 15; ;Nuboso con lluvia escasa; ;50%;;8;17;8;17;75;90;N;15;;
Kripan;Provincia de Araba/Álava;sáb. 09;12–18 h;Poco nuboso;12°C;0%;;6;14;2;14;55;95;N;5;;
Kripan;Provincia de Araba/Álava;sáb. 09;18–24 h;Poco nuboso;6°C;0%;;6;14;2;14;55;95;E;10;;
Kripan;Provincia de Araba/Álava;dom. 10;00–06 h;Poco nuboso;6°C;0%;;5;19;2;19;50;85;E;15;;
Kripan;Provincia de Araba/Álava;dom. 10;06–12 h;Nubes altas;17°C;0%;;5;19;2;19;50;85;SE;30;50;
Kripan;Provincia de Araba/Álava;dom. 10;12–18 h;Poco nuboso;18°C;0%;;5;19;2;19;50;85;SE;25;45;
Kripan;Provincia de Araba/Álava;dom. 10;18–24 h;Nuboso;11°C;0%;;5;19;2;19;50;85;E;35;55;
Kripan;Provincia de Araba/Álava;lun. 11;00–12 h;Muy nuboso; ;0%;;8;21;8;21;40;90;E;35;70;
Kripan;Provincia de Araba/Álava;lun. 11;12–24 h;Muy nuboso con lluvia escasa; ;65%;;8;21;8;21;40;90;E;30;70;
Kripan;Provincia de Araba/Álava;mar. 12;00–12 h;Cubierto con lluvia; ;90%;;8;15;8;15;75;95;E;25;60;
Kripan;Provincia de Araba/Álava;mar. 12;12–24 h;Cubierto con lluvia; ;90%;;8;15;8;15;75;95;E;15;;
Kripan;Provincia de Araba/Álava;mié. 13; ;Muy nuboso con lluvia escasa; ;85%;;9;16;9;16;80;95;N;15;;
Kripan;Provincia de Araba/Álava;jue. 14; ;Nuboso; ;45%;;8;19;8;19;60;100;N;10;;
Kripan;Provincia de Araba/Álava;vie. 15; ;Nuboso; ;45%;;8;18;8;18;75;95;N;10;;
Kuartango;Provincia de Araba/Álava;sáb. 09;12–18 h;Intervalos nubosos;12°C;20%;1300;5;14;3;14;55;100;C;0;;
Kuartango;Provincia de Araba/Álava;sáb. 09;18–24 h;Poco nuboso;7°C;0%;;5;14;3;14;55;100;S;5;;
Kuartango;Provincia de Araba/Álava;dom. 10;00–06 h;Poco nuboso;3°C;0%;;2;22;1;22;50;85;S;10;;
Kuartango;Provincia de Araba/Álava;dom. 10;06–12 h;Nubes altas;17°C;0%;;2;22;1;22;50;85;S;15;;
Kuartango;Provincia de Araba/Álava;dom. 10;12–18 h;Poco nuboso;18°C;0%;;2;22;1;22;50;85;SE;20;40;
Kuartango;Provincia de Araba/Álava;dom. 10;18–24 h;Poco nuboso;12°C;0%;;2;22;1;22;50;85;SE;25;45;
Kuartango;Provincia de Araba/Álava;lun. 11;00–12 h;Muy nuboso; ;0%;;9;21;9;21;40;85;SE;25;60;
Kuartango;Provincia de Araba/Álava;lun. 11;12–24 h;Intervalos nubosos con lluvia; ;80%;;9;21;9;21;40;85;SE;25;60;
Kuartango;Provincia de Araba/Álava;mar. 12;00–12 h;Cubierto con lluvia; ;85%;;9;16;9;16;70;85;SE;20;;
Kuartango;Provincia de Araba/Álava;mar. 12;12–24 h;Cubierto con lluvia; ;90%;;9;16;9;16;70;85;S;10;;
Kuartango;Provincia de Araba/Álava;mié. 13; ;Cubierto con lluvia escasa; ;90%;;7;15;7;15;75;90;NE;15;;
Kuartango;Provincia de Araba/Álava;jue. 14; ;Muy nuboso; ;45%;;7;19;7;19;60;90;NE;10;;
Kuartango;Provincia de Araba/Álava;vie. 15; ;Nuboso con lluvia escasa; ;55%;;7;18;7;18;70;90;N;15;;
Labastida/Bastida;Provincia de Araba/Álava;sáb. 09;12–18 h;Nubes altas;13°C;0%;;7;14;6;14;50;85;N;5;;
Labastida/Bastida;Provincia de Araba/Álava;sáb. 09;18–24 h;Poco nuboso;7°C;0%;;7;14;6;14;50;85;C;0;;
Labastida/Bastida;Provincia de Araba/Álava;dom. 10;00–06 h;Poco nuboso;5°C;0%;;5;22;5;22;40;75;SE;5;;
Labastida/Bastida;Provincia de Araba/Álava;dom. 10;06–12 h;Nubes altas;18°C;0%;;5;22;5;22;40;75;E;25;45;
Labastida/Bastida;Provincia de Araba/Álava;dom. 10;12–18 h;Poco nuboso;19°C;0%;;5;22;5;22;40;75;E;30;50;
Labastida/Bastida;Provincia de Araba/Álava;dom. 10;18–24 h;Poco nuboso;12°C;0%;;5;22;5;22;40;75;E;35;60;
Labastida/Bastida;Provincia de Araba/Álava;lun. 11;00–12 h;Muy nuboso; ;0%;;10;23;10;23;30;85;E;35;70;
Labastida/Bastida;Provincia de Araba/Álava;lun. 11;12–24 h;Intervalos nubosos con tormenta; ;75%;;10;23;10;23;30;85;E;30;70;
Labastida/Bastida;Provincia de Araba/Álava;mar. 12;00–12 h;Cubierto con lluvia; ;95%;;10;16;10;16;70;90;E;30;65;
Labastida/Bastida;Provincia de Araba/Álava;mar. 12;12–24 h;Cubierto con lluvia; ;95%;;10;16;10;16;70;90;SE;10;;
Labastida/Bastida;Provincia de Araba/Álava;mié. 13; ;Muy nuboso con lluvia escasa; ;90%;;9;16;9;16;70;95;N;15;;
Labastida/Bastida;Provincia de Araba/Álava;jue. 14; ;Nuboso; ;45%;;8;20;8;20;55;95;N;10;;
Labastida/Bastida;Provincia de Araba/Álava;vie. 15; ;Nuboso; ;50%;;7;19;7;19;65;85;N;10;;
Lagrán;Provincia de Araba/Álava;sáb. 09;12–18 h;Muy nuboso;11°C;0%;;6;12;3;12;50;90;N;5;;
Lagrán;Provincia de Araba/Álava;sáb. 09;18–24 h;Poco nuboso;6°C;0%;;6;12;3;12;50;90;SE;10;;
Lagrán;Provincia de Araba/Álava;dom. 10;00–06 h;Poco nuboso;6°C;0%;;5;18;3;18;50;85;E;10;;
Lagrán;Provincia de Araba/Álava;dom. 10;06–12 h;Nubes altas;16°C;0%;;5;18;3;18;50;85;SE;20;50;
Lagrán;Provincia de Araba/Álava;dom. 10;12–18 h;Poco nuboso;17°C;0%;;5;18;3;18;50;85;SE;20;45;
Lagrán;Provincia de Araba/Álava;dom. 10;18–24 h;Bruma;10°C;0%;;5;18;3;18;50;85;E;25;55;
Lagrán;Provincia de Araba/Álava;lun. 11;00–12 h;Muy nuboso; ;0%;;8;20;8;20;40;95;E;30;70;
Lagrán;Provincia de Araba/Álava;lun. 11;12–24 h;Muy nuboso con lluvia escasa; ;65%;;8;20;8;20;40;95;E;30;70;
Lagrán;Provincia de Araba/Álava;mar. 12;00–12 h;Cubierto con lluvia; ;95%;;8;14;8;14;80;95;E;25;65;
Lagrán;Provincia de Araba/Álava;mar. 12;12–24 h;Cubierto con lluvia; ;95%;;8;14;8;14;80;95;E;15;;
Lagrán;Provincia de Araba/Álava;mié. 13; ;Muy nuboso con lluvia escasa; ;85%;;8;15;8;15;80;100;N;15;;
Lagrán;Provincia de Araba/Álava;jue. 14; ;Nuboso; ;40%;;7;18;7;18;65;100;N;10;;
Lagrán;Provincia de Araba/Álava;vie. 15; ;Nuboso; ;45%;;7;17;7;17;75;95;N;10;;
Laguardia;Provincia de Araba/Álava;sáb. 09;12–18 h;Nubes altas;13°C;0%;;6;14;7;14;55;80;N;5;;
Laguardia;Provincia de Araba/Álava;sáb. 09;18–24 h;Poco nuboso;7°C;0%;;6;14;7;14;55;80;NE;10;;
Laguardia;Provincia de Araba/Álava;dom. 10;00–06 h;Poco nuboso;6°C;0%;;5;21;2;21;40;80;E;20;;
Laguardia;Provincia de Araba/Álava;dom. 10;06–12 h;Nubes altas;18°C;0%;;5;21;2;21;40;80;E;35;55;
Laguardia;Provincia de Araba/Álava;dom. 10;12–18 h;Poco nuboso;19°C;0%;;5;21;2;21;40;80;E;35;55;
Laguardia;Provincia de Araba/Álava;dom. 10;18–24 h;Poco nuboso;11°C;0%;;5;21;2;21;40;80;E;40;55;
Laguardia;Provincia de Araba/Álava;lun. 11;00–12 h;Muy nuboso; ;0%;;9;22;9;22;35;90;E;40;70;
Laguardia;Provincia de Araba/Álava;lun. 11;12–24 h;Nuboso con lluvia escasa; ;65%;;9;22;9;22;35;90;E;30;70;
Laguardia;Provincia de Araba/Álava;mar. 12;00–12 h;Cubierto con lluvia; ;95%;;9;16;9;16;75;90;E;25;65;
Laguardia;Provincia de Araba/Álava;mar. 12;12–24 h;Cubierto con lluvia; ;95%;;9;16;9;16;75;90;E;10;;
Laguardia;Provincia de Araba/Álava;mié. 13; ;Muy nuboso con lluvia escasa; ;90%;;9;16;9;16;70;95;N;10;;
Laguardia;Provincia de Araba/Álava;jue. 14; ;Nuboso; ;45%;;9;20;9;20;55;95;N;5;;
Laguardia;Provincia de Araba/Álava;vie. 15; ;Muy nuboso; ;50%;;8;19;8;19;65;90;N;10;;
Lanciego/Lantziego;Provincia de Araba/Álava;sáb. 09;12–18 h;Nubes altas;13°C;0%;;7;15;5;15;50;90;N;10;;
Lanciego/Lantziego;Provincia de Araba/Álava;sáb. 09;18–24 h;Poco nuboso;7°C;0%;;7;15;5;15;50;90;NE;10;;
Lanciego/Lantziego;Provincia de Araba/Álava;dom. 10;00–06 h;Poco nuboso;6°C;0%;;5;21;2;21;40;80;E;15;;
Lanciego/Lantziego;Provincia de Araba/Álava;dom. 10;06–12 h;Nubes altas;18°C;0%;;5;21;2;21;40;80;E;35;55;
Lanciego/Lantziego;Provincia de Araba/Álava;dom. 10;12–18 h;Poco nuboso;19°C;0%;;5;21;2;21;40;80;E;30;45;
Lanciego/Lantziego;Provincia de Araba/Álava;dom. 10;18–24 h;Poco nuboso;11°C;0%;;5;21;2;21;40;80;E;40;55;
Lanciego/Lantziego;Provincia de Araba/Álava;lun. 11;00–12 h;Muy nuboso; ;0%;;9;22;9;22;35;90;E;40;70;
Lanciego/Lantziego;Provincia de Araba/Álava;lun. 11;12–24 h;Muy nuboso con lluvia escasa; ;65%;;9;22;9;22;35;90;E;30;70;
Lanciego/Lantziego;Provincia de Araba/Álava;mar. 12;00–12 h;Cubierto con lluvia; ;95%;;9;16;9;16;75;90;E;25;60;
Lanciego/Lantziego;Provincia de Araba/Álava;mar. 12;12–24 h;Cubierto con lluvia; ;95%;;9;16;9;16;75;90;E;10;;
Lanciego/Lantziego;Provincia de Araba/Álava;mié. 13; ;Muy nuboso con lluvia escasa; ;80%;;9;17;9;17;70;95;N;10;;
Lanciego/Lantziego;Provincia de Araba/Álava;jue. 14; ;Nuboso; ;40%;;9;20;9;20;55;95;N;5;;
Lanciego/Lantziego;Provincia de Araba/Álava;vie. 15; ;Muy nuboso; ;50%;;8;19;8;19;65;90;N;10;;
Lantarón;Provincia de Araba/Álava;sáb. 09;12–18 h;Nubes altas;13°C;0%;;5;15;5;15;50;95;NE;10;;
Lantarón;Provincia de Araba/Álava;sáb. 09;18–24 h;Poco nuboso;6°C;0%;;5;15;5;15;50;95;NO;5;;
Lantarón;Provincia de Araba/Álava;dom. 10;00–06 h;Poco nuboso;3°C;0%;;3;24;3;24;50;85;C;0;;
Lantarón;Provincia de Araba/Álava;dom. 10;06–12 h;Nubes altas;18°C;0%;;3;24;3;24;50;85;SE;10;;
Lantarón;Provincia de Araba/Álava;dom. 10;12–18 h;Poco nuboso;20°C;0%;;3;24;3;24;50;85;SE;15;;
Lantarón;Provincia de Araba/Álava;dom. 10;18–24 h;Poco nuboso;12°C;0%;;3;24;3;24;50;85;N;5;;
Lantarón;Provincia de Araba/Álava;lun. 11;00–12 h;Muy nuboso; ;0%;;9;24;9;24;40;85;SE;25;55;
Lantarón;Provincia de Araba/Álava;lun. 11;12–24 h;Nuboso con tormenta; ;80%;;9;24;9;24;40;85;SE;25;55;
Lantarón;Provincia de Araba/Álava;mar. 12;00–12 h;Muy nuboso con lluvia; ;90%;;9;17;9;17;70;90;SE;20;;
Lantarón;Provincia de Araba/Álava;mar. 12;12–24 h;Cubierto con lluvia; ;90%;;9;17;9;17;70;90;SE;10;;
Lantarón;Provincia de Araba/Álava;mié. 13; ;Muy nuboso con lluvia escasa; ;90%;;7;17;7;17;70;90;NE;20;;
Lantarón;Provincia de Araba/Álava;jue. 14; ;Muy nuboso; ;40%;;7;21;7;21;55;90;NE;10;;
Lantarón;Provincia de Araba/Álava;vie. 15; ;Intervalos nubosos; ;45%;;7;20;7;20;60;90;NE;15;;
Lapuebla de Labarca;Provincia de Araba/Álava;sáb. 09;12–18 h;Nuboso;14°C;0%;;8;16;6;16;40;95;NE;10;;
Lapuebla de Labarca;Provincia de Araba/Álava;sáb. 09;18–24 h;Poco nuboso;8°C;0%;;8;16;6;16;40;95;E;5;;
Lapuebla de Labarca;Provincia de Araba/Álava;dom. 10;00–06 h;Poco nuboso;6°C;0%;;6;23;5;23;35;80;E;5;;
Lapuebla de Labarca;Provincia de Araba/Álava;dom. 10;06–12 h;Nubes altas;20°C;0%;;6;23;5;23;35;80;E;35;55;
Lapuebla de Labarca;Provincia de Araba/Álava;dom. 10;12–18 h;Poco nuboso;20°C;0%;;6;23;5;23;35;80;E;25;45;
Lapuebla de Labarca;Provincia de Araba/Álava;dom. 10;18–24 h;Poco nuboso;12°C;0%;;6;23;5;23;35;80;E;30;50;
Lapuebla de Labarca;Provincia de Araba/Álava;lun. 11;00–12 h;Nuboso; ;0%;;10;24;10;24;30;90;E;30;65;
Lapuebla de Labarca;Provincia de Araba/Álava;lun. 11;12–24 h;Nuboso; ;50%;;10;24;10;24;30;90;E;30;65;
Lapuebla de Labarca;Provincia de Araba/Álava;mar. 12;00–12 h;Cubierto con lluvia; ;90%;;10;17;10;17;75;90;E;25;60;
Lapuebla de Labarca;Provincia de Araba/Álava;mar. 12;12–24 h;Cubierto con lluvia; ;95%;;10;17;10;17;75;90;NE;10;;
Lapuebla de Labarca;Provincia de Araba/Álava;mié. 13; ;Muy nuboso con lluvia; ;80%;;10;18;10;18;70;95;N;5;;
Lapuebla de Labarca;Provincia de Araba/Álava;jue. 14; ;Nuboso; ;45%;;10;22;10;22;55;95;C;0;;
Lapuebla de Labarca;Provincia de Araba/Álava;vie. 15; ;Muy nuboso; ;50%;;8;21;8;21;60;85;N;5;;
Laudio/Llodio;Provincia de Araba/Álava;sáb. 09;12–18 h;Nuboso;14°C;10%;1400;6;16;6;16;60;90;NE;10;;
Laudio/Llodio;Provincia de Araba/Álava;sáb. 09;18–24 h;Poco nuboso;6°C;0%;;6;16;6;16;60;90;C;0;;
Laudio/Llodio;Provincia de Araba/Álava;dom. 10;00–06 h;Poco nuboso;8°C;0%;;6;20;5;26;40;90;S;15;;
Laudio/Llodio;Provincia de Araba/Álava;dom. 10;06–12 h;Nubes altas;22°C;0%;;6;20;5;26;40;90;S;15;;
Laudio/Llodio;Provincia de Araba/Álava;dom. 10;12–18 h;Poco nuboso;21°C;0%;;6;20;5;26;40;90;S;10;;
Laudio/Llodio;Provincia de Araba/Álava;dom. 10;18–24 h;Poco nuboso;16°C;0%;;6;20;5;26;40;90;S;25;50;
Laudio/Llodio;Provincia de Araba/Álava;lun. 11;00–12 h;Nubes altas; ;0%;;13;26;13;26;35;70;S;25;60;
Laudio/Llodio;Provincia de Araba/Álava;lun. 11;12–24 h;Intervalos nubosos con lluvia escasa; ;75%;;13;26;13;26;35;70;S;20;60;
Laudio/Llodio;Provincia de Araba/Álava;mar. 12;00–12 h;Muy nuboso con lluvia; ;70%;;12;21;12;21;55;80;S;15;;
Laudio/Llodio;Provincia de Araba/Álava;mar. 12;12–24 h;Cubierto con lluvia; ;80%;;12;21;12;21;55;80;S;15;;
Laudio/Llodio;Provincia de Araba/Álava;mié. 13; ;Muy nuboso con lluvia escasa; ;90%;;9;18;9;18;75;90;NE;10;;
Laudio/Llodio;Provincia de Araba/Álava;jue. 14; ;Nuboso; ;45%;;8;20;8;20;60;85;N;10;;
Laudio/Llodio;Provincia de Araba/Álava;vie. 15; ;Muy nuboso; ;45%;;8;19;8;19;75;85;N;10;;
Legutio;Provincia de Araba/Álava;sáb. 09;12–18 h;Intervalos nubosos;12°C;25%;1300;5;13;3;13;55;95;E;10;;
Legutio;Provincia de Araba/Álava;sáb. 09;18–24 h;Poco nuboso;5°C;0%;;5;13;3;13;55;95;C;0;;
Legutio;Provincia de Araba/Álava;dom. 10;00–06 h;Poco nuboso;5°C;0%;;4;21;2;21;45;80;S;10;;
Legutio;Provincia de Araba/Álava;dom. 10;06–12 h;Nubes altas;18°C;0%;;4;21;2;21;45;80;S;20;45;
Legutio;Provincia de Araba/Álava;dom. 10;12–18 h;Poco nuboso;18°C;0%;;4;21;2;21;45;80;S;20;40;
Legutio;Provincia de Araba/Álava;dom. 10;18–24 h;Poco nuboso;12°C;0%;;4;21;2;21;45;80;S;25;50;
Legutio;Provincia de Araba/Álava;lun. 11;00–12 h;Nuboso; ;0%;;10;21;10;21;40;80;SE;30;65;
Legutio;Provincia de Araba/Álava;lun. 11;12–24 h;Intervalos nubosos con lluvia escasa; ;55%;;10;21;10;21;40;80;SE;30;65;
Legutio;Provincia de Araba/Álava;mar. 12;00–12 h;Cubierto con lluvia; ;75%;;10;17;10;17;65;85;SE;30;70;
Legutio;Provincia de Araba/Álava;mar. 12;12–24 h;Cubierto con lluvia; ;90%;;10;17;10;17;65;85;S;15;;
Legutio;Provincia de Araba/Álava;mié. 13; ;Muy nuboso con lluvia; ;95%;;8;16;8;16;80;95;NE;15;;
Legutio;Provincia de Araba/Álava;jue. 14; ;Nuboso con lluvia escasa; ;50%;;8;19;8;19;60;95;N;15;;
Legutio;Provincia de Araba/Álava;vie. 15; ;Nuboso con lluvia escasa; ;55%;;8;17;8;17;75;95;N;15;;
Leza;Provincia de Araba/Álava;sáb. 09;12–18 h;Nuboso;13°C;0%;;7;14;5;14;50;90;N;10;;
Leza;Provincia de Araba/Álava;sáb. 09;18–24 h;Poco nuboso;7°C;0%;;7;14;5;14;50;90;NE;15;;
Leza;Provincia de Araba/Álava;dom. 10;00–06 h;Poco nuboso;6°C;0%;;6;21;2;21;40;80;E;20;;
Leza;Provincia de Araba/Álava;dom. 10;06–12 h;Nubes altas;18°C;0%;;6;21;2;21;40;80;E;35;55;
Leza;Provincia de Araba/Álava;dom. 10;12–18 h;Poco nuboso;19°C;0%;;6;21;2;21;40;80;E;30;40;
Leza;Provincia de Araba/Álava;dom. 10;18–24 h;Poco nuboso;11°C;0%;;6;21;2;21;40;80;E;35;55;
Leza;Provincia de Araba/Álava;lun. 11;00–12 h;Nuboso; ;0%;;9;22;9;22;35;90;E;35;70;
Leza;Provincia de Araba/Álava;lun. 11;12–24 h;Nuboso con lluvia escasa; ;65%;;9;22;9;22;35;90;E;30;70;
Leza;Provincia de Araba/Álava;mar. 12;00–12 h;Cubierto con lluvia; ;95%;;9;16;9;16;75;90;E;25;65;
Leza;Provincia de Araba/Álava;mar. 12;12–24 h;Cubierto con lluvia; ;95%;;9;16;9;16;75;90;E;10;;
Leza;Provincia de Araba/Álava;mié. 13; ;Muy nuboso con lluvia escasa; ;90%;;9;16;9;16;70;95;N;10;;
Leza;Provincia de Araba/Álava;jue. 14; ;Nuboso; ;45%;;9;20;9;20;55;95;N;5;;
Leza;Provincia de Araba/Álava;vie. 15; ;Muy nuboso; ;50%;;8;19;8;19;65;90;N;10;;
Moreda de Álava/Moreda Araba;Provincia de Araba/Álava;sáb. 09;12–18 h;Nubes altas;14°C;0%;;7;16;5;16;45;100;N;10;;
Moreda de Álava/Moreda Araba;Provincia de Araba/Álava;sáb. 09;18–24 h;Poco nuboso;7°C;0%;;7;16;5;16;45;100;NE;10;;
Moreda de Álava/Moreda Araba;Provincia de Araba/Álava;dom. 10;00–06 h;Poco nuboso;6°C;0%;;5;22;3;22;40;80;E;10;;
Moreda de Álava/Moreda Araba;Provincia de Araba/Álava;dom. 10;06–12 h;Nubes altas;19°C;0%;;5;22;3;22;40;80;E;35;55;
Moreda de Álava/Moreda Araba;Provincia de Araba/Álava;dom. 10;12–18 h;Poco nuboso;20°C;0%;;5;22;3;22;40;80;E;30;45;
Moreda de Álava/Moreda Araba;Provincia de Araba/Álava;dom. 10;18–24 h;Poco nuboso;12°C;0%;;5;22;3;22;40;80;E;40;55;
Moreda de Álava/Moreda Araba;Provincia de Araba/Álava;lun. 11;00–12 h;Muy nuboso; ;0%;;10;22;10;22;30;85;E;40;65;
Moreda de Álava/Moreda Araba;Provincia de Araba/Álava;lun. 11;12–24 h;Intervalos nubosos; ;45%;;10;22;10;22;30;85;E;30;65;
Moreda de Álava/Moreda Araba;Provincia de Araba/Álava;mar. 12;00–12 h;Cubierto con lluvia; ;90%;;9;16;9;16;70;90;E;25;55;
Moreda de Álava/Moreda Araba;Provincia de Araba/Álava;mar. 12;12–24 h;Cubierto con lluvia; ;90%;;9;16;9;16;70;90;E;15;;
Moreda de Álava/Moreda Araba;Provincia de Araba/Álava;mié. 13; ;Muy nuboso con lluvia escasa; ;80%;;10;18;10;18;70;95;N;5;;
Moreda de Álava/Moreda Araba;Provincia de Araba/Álava;jue. 14; ;Nuboso; ;40%;;9;21;9;21;55;95;C;0;;
Moreda de Álava/Moreda Araba;Provincia de Araba/Álava;vie. 15; ;Nuboso; ;35%;;9;20;9;20;60;90;N;5;;
Navaridas;Provincia de Araba/Álava;sáb. 09;12–18 h;Nuboso;13°C;0%;;7;15;6;15;50;90;N;10;;
Navaridas;Provincia de Araba/Álava;sáb. 09;18–24 h;Poco nuboso;8°C;0%;;7;15;6;15;50;90;NE;15;;
Navaridas;Provincia de Araba/Álava;dom. 10;00–06 h;Poco nuboso;6°C;0%;;6;21;2;21;40;80;E;20;;
Navaridas;Provincia de Araba/Álava;dom. 10;06–12 h;Nubes altas;19°C;0%;;6;21;2;21;40;80;E;35;55;
Navaridas;Provincia de Araba/Álava;dom. 10;12–18 h;Poco nuboso;19°C;0%;;6;21;2;21;40;80;E;30;40;
Navaridas;Provincia de Araba/Álava;dom. 10;18–24 h;Poco nuboso;12°C;0%;;6;21;2;21;40;80;E;35;55;
Navaridas;Provincia de Araba/Álava;lun. 11;00–12 h;Nuboso; ;0%;;9;23;9;23;35;90;E;35;70;
Navaridas;Provincia de Araba/Álava;lun. 11;12–24 h;Nuboso con lluvia escasa; ;65%;;9;23;9;23;35;90;E;30;70;
Navaridas;Provincia de Araba/Álava;mar. 12;00–12 h;Cubierto con lluvia; ;95%;;9;16;9;16;75;90;E;25;65;
Navaridas;Provincia de Araba/Álava;mar. 12;12–24 h;Cubierto con lluvia; ;95%;;9;16;9;16;75;90;E;10;;
Navaridas;Provincia de Araba/Álava;mié. 13; ;Muy nuboso con lluvia escasa; ;90%;;9;16;9;16;70;95;N;10;;
Navaridas;Provincia de Araba/Álava;jue. 14; ;Nuboso; ;45%;;9;20;9;20;55;95;N;5;;
Navaridas;Provincia de Araba/Álava;vie. 15; ;Muy nuboso; ;50%;;8;19;8;19;65;90;N;10;;
Okondo;Provincia de Araba/Álava;sáb. 09;12–18 h;Nuboso;14°C;10%;;6;16;6;16;55;95;NE;10;;
Okondo;Provincia de Araba/Álava;sáb. 09;18–24 h;Poco nuboso;6°C;0%;;6;16;6;16;55;95;C;0;;
Okondo;Provincia de Araba/Álava;dom. 10;00–06 h;Poco nuboso;8°C;0%;;5;26;5;26;45;80;C;0;;
Okondo;Provincia de Araba/Álava;dom. 10;06–12 h;Nubes altas;21°C;0%;;5;26;5;26;45;80;S;15;;
Okondo;Provincia de Araba/Álava;dom. 10;12–18 h;Poco nuboso;21°C;0%;;5;26;5;26;45;80;SE;15;;
Okondo;Provincia de Araba/Álava;dom. 10;18–24 h;Poco nuboso;16°C;0%;;5;26;5;26;45;80;SE;25;45;
Okondo;Provincia de Araba/Álava;lun. 11;00–12 h;Nuboso; ;0%;;12;26;12;26;35;75;SE;25;55;
Okondo;Provincia de Araba/Álava;lun. 11;12–24 h;Intervalos nubosos con lluvia escasa; ;65%;;12;26;12;26;35;75;S;20;60;
Okondo;Provincia de Araba/Álava;mar. 12;00–12 h;Muy nuboso con lluvia; ;65%;;12;21;12;21;55;80;S;15;;
Okondo;Provincia de Araba/Álava;mar. 12;12–24 h;Cubierto con lluvia; ;80%;;12;21;12;21;55;80;S;15;;
Okondo;Provincia de Araba/Álava;mié. 13; ;Muy nuboso con lluvia escasa; ;90%;;8;17;8;17;75;95;NE;10;;
Okondo;Provincia de Araba/Álava;jue. 14; ;Nuboso; ;45%;;7;20;7;20;70;90;N;10;;
Okondo;Provincia de Araba/Álava;vie. 15; ;Muy nuboso; ;45%;;8;18;8;18;75;85;N;10;;
Oyón-Oion;Provincia de Araba/Álava;sáb. 09;12–18 h;Muy nuboso;14°C;0%;;7;16;5;16;45;100;N;10;;
Oyón-Oion;Provincia de Araba/Álava;sáb. 09;18–24 h;Poco nuboso;7°C;0%;;7;16;5;16;45;100;NE;10;;
Oyón-Oion;Provincia de Araba/Álava;dom. 10;00–06 h;Poco nuboso;6°C;0%;;5;22;3;22;40;80;E;10;;
Oyón-Oion;Provincia de Araba/Álava;dom. 10;06–12 h;Nubes altas;20°C;0%;;5;22;3;22;40;80;E;35;55;
Oyón-Oion;Provincia de Araba/Álava;dom. 10;12–18 h;Poco nuboso;20°C;0%;;5;22;3;22;40;80;E;30;45;
Oyón-Oion;Provincia de Araba/Álava;dom. 10;18–24 h;Poco nuboso;12°C;0%;;5;22;3;22;40;80;E;40;55;
Oyón-Oion;Provincia de Araba/Álava;lun. 11;00–12 h;Muy nuboso; ;0%;;10;23;10;23;30;85;E;40;65;
Oyón-Oion;Provincia de Araba/Álava;lun. 11;12–24 h;Intervalos nubosos; ;45%;;10;23;10;23;30;85;E;30;65;
Oyón-Oion;Provincia de Araba/Álava;mar. 12;00–12 h;Cubierto con lluvia; ;90%;;10;17;10;17;70;90;E;25;55;
Oyón-Oion;Provincia de Araba/Álava;mar. 12;12–24 h;Cubierto con lluvia; ;90%;;10;17;10;17;70;90;E;15;;
Oyón-Oion;Provincia de Araba/Álava;mié. 13; ;Muy nuboso con lluvia escasa; ;80%;;10;18;10;18;70;95;N;5;;
Oyón-Oion;Provincia de Araba/Álava;jue. 14; ;Nuboso; ;40%;;10;22;10;22;55;95;C;0;;
Oyón-Oion;Provincia de Araba/Álava;vie. 15; ;Nuboso; ;35%;;9;21;9;21;60;90;N;5;;
Peñacerrada-Urizaharra;Provincia de Araba/Álava;sáb. 09;12–18 h;Nuboso;11°C;0%;;6;13;4;13;55;90;NE;5;;
Peñacerrada-Urizaharra;Provincia de Araba/Álava;sáb. 09;18–24 h;Poco nuboso;6°C;0%;;6;13;4;13;55;90;C;0;;
Peñacerrada-Urizaharra;Provincia de Araba/Álava;dom. 10;00–06 h;Poco nuboso;5°C;0%;;4;20;2;20;50;80;SE;10;;
Peñacerrada-Urizaharra;Provincia de Araba/Álava;dom. 10;06–12 h;Nubes altas;16°C;0%;;4;20;2;20;50;80;SE;20;;
Peñacerrada-Urizaharra;Provincia de Araba/Álava;dom. 10;12–18 h;Poco nuboso;17°C;0%;;4;20;2;20;50;80;SE;20;40;
Peñacerrada-Urizaharra;Provincia de Araba/Álava;dom. 10;18–24 h;Poco nuboso;11°C;0%;;4;20;2;20;50;80;SE;25;45;
Peñacerrada-Urizaharra;Provincia de Araba/Álava;lun. 11;00–12 h;Muy nuboso; ;0%;;8;20;8;20;40;90;E;30;70;
Peñacerrada-Urizaharra;Provincia de Araba/Álava;lun. 11;12–24 h;Nuboso con lluvia; ;75%;;8;20;8;20;40;90;SE;30;70;
Peñacerrada-Urizaharra;Provincia de Araba/Álava;mar. 12;00–12 h;Cubierto con lluvia; ;95%;;9;15;9;15;80;95;E;25;65;
Peñacerrada-Urizaharra;Provincia de Araba/Álava;mar. 12;12–24 h;Cubierto con lluvia; ;90%;;9;15;9;15;80;95;SE;10;;
Peñacerrada-Urizaharra;Provincia de Araba/Álava;mié. 13; ;Muy nuboso con lluvia escasa; ;90%;;8;15;8;15;80;100;N;15;;
Peñacerrada-Urizaharra;Provincia de Araba/Álava;jue. 14; ;Nuboso; ;45%;;7;18;7;18;65;100;N;10;;
Peñacerrada-Urizaharra;Provincia de Araba/Álava;vie. 15; ;Nuboso; ;50%;;6;17;6;17;75;95;N;15;;
Ribera Baja/Erribera Beitia;Provincia de Araba/Álava;sáb. 09;12–18 h;Nuboso;13°C;0%;;6;15;6;15;50;95;NE;10;;
Ribera Baja/Erribera Beitia;Provincia de Araba/Álava;sáb. 09;18–24 h;Poco nuboso;6°C;0%;;6;15;6;15;50;95;NO;5;;
Ribera Baja/Erribera Beitia;Provincia de Araba/Álava;dom. 10;00–06 h;Poco nuboso;3°C;0%;;3;24;3;24;50;85;C;0;;
Ribera Baja/Erribera Beitia;Provincia de Araba/Álava;dom. 10;06–12 h;Nubes altas;19°C;0%;;3;24;3;24;50;85;SE;10;;
Ribera Baja/Erribera Beitia;Provincia de Araba/Álava;dom. 10;12–18 h;Poco nuboso;20°C;0%;;3;24;3;24;50;85;SE;15;;
Ribera Baja/Erribera Beitia;Provincia de Araba/Álava;dom. 10;18–24 h;Poco nuboso;12°C;0%;;3;24;3;24;50;85;N;5;;
Ribera Baja/Erribera Beitia;Provincia de Araba/Álava;lun. 11;00–12 h;Muy nuboso; ;0%;;9;24;9;24;40;85;SE;25;55;
Ribera Baja/Erribera Beitia;Provincia de Araba/Álava;lun. 11;12–24 h;Intervalos nubosos con tormenta; ;80%;;9;24;9;24;40;85;SE;25;55;
Ribera Baja/Erribera Beitia;Provincia de Araba/Álava;mar. 12;00–12 h;Cubierto con lluvia; ;90%;;9;18;9;18;70;90;SE;20;;
Ribera Baja/Erribera Beitia;Provincia de Araba/Álava;mar. 12;12–24 h;Cubierto con lluvia; ;90%;;9;18;9;18;70;90;SE;10;;
Ribera Baja/Erribera Beitia;Provincia de Araba/Álava;mié. 13; ;Cubierto con lluvia escasa; ;90%;;7;17;7;17;70;90;NE;20;;
Ribera Baja/Erribera Beitia;Provincia de Araba/Álava;jue. 14; ;Muy nuboso; ;40%;;7;21;7;21;55;90;NE;10;;
Ribera Baja/Erribera Beitia;Provincia de Araba/Álava;vie. 15; ;Intervalos nubosos; ;45%;;7;20;7;20;60;90;NE;15;;
Samaniego;Provincia de Araba/Álava;sáb. 09;12–18 h;Nuboso;13°C;0%;;7;14;5;14;50;95;NE;10;;
Samaniego;Provincia de Araba/Álava;sáb. 09;18–24 h;Poco nuboso;7°C;0%;;7;14;5;14;50;95;E;15;;
Samaniego;Provincia de Araba/Álava;dom. 10;00–06 h;Poco nuboso;5°C;0%;;5;21;2;21;40;80;E;15;;
Samaniego;Provincia de Araba/Álava;dom. 10;06–12 h;Nubes altas;18°C;0%;;5;21;2;21;40;80;E;35;55;
Samaniego;Provincia de Araba/Álava;dom. 10;12–18 h;Poco nuboso;19°C;0%;;5;21;2;21;40;80;E;30;45;
Samaniego;Provincia de Araba/Álava;dom. 10;18–24 h;Poco nuboso;11°C;0%;;5;21;2;21;40;80;E;35;55;
Samaniego;Provincia de Araba/Álava;lun. 11;00–12 h;Muy nuboso; ;0%;;9;23;9;23;30;90;E;35;70;
Samaniego;Provincia de Araba/Álava;lun. 11;12–24 h;Nuboso con lluvia escasa; ;70%;;9;23;9;23;30;90;E;30;70;
Samaniego;Provincia de Araba/Álava;mar. 12;00–12 h;Cubierto con lluvia; ;90%;;9;16;9;16;75;90;E;25;65;
Samaniego;Provincia de Araba/Álava;mar. 12;12–24 h;Cubierto con lluvia; ;95%;;9;16;9;16;75;90;E;10;;
Samaniego;Provincia de Araba/Álava;mié. 13; ;Muy nuboso con lluvia escasa; ;90%;;9;16;9;16;70;95;N;10;;
Samaniego;Provincia de Araba/Álava;jue. 14; ;Nuboso; ;45%;;8;20;8;20;55;95;N;5;;
Samaniego;Provincia de Araba/Álava;vie. 15; ;Nuboso; ;50%;;7;19;7;19;65;85;N;10;;
San Millán/Donemiliaga;Provincia de Araba/Álava;sáb. 09;12–18 h;Muy nuboso;11°C;10%;1300;5;13;2;13;65;100;E;10;;
San Millán/Donemiliaga;Provincia de Araba/Álava;sáb. 09;18–24 h;Poco nuboso;6°C;0%;;5;13;2;13;65;100;E;5;;
San Millán/Donemiliaga;Provincia de Araba/Álava;dom. 10;00–06 h;Poco nuboso;7°C;0%;;5;20;5;20;55;80;E;10;;
San Millán/Donemiliaga;Provincia de Araba/Álava;dom. 10;06–12 h;Nubes altas;16°C;0%;;5;20;5;20;55;80;SE;25;40;
San Millán/Donemiliaga;Provincia de Araba/Álava;dom. 10;12–18 h;Poco nuboso;18°C;0%;;5;20;5;20;55;80;SE;20;35;
San Millán/Donemiliaga;Provincia de Araba/Álava;dom. 10;18–24 h;Poco nuboso;11°C;0%;;5;20;5;20;55;80;SE;35;50;
San Millán/Donemiliaga;Provincia de Araba/Álava;lun. 11;00–12 h;Muy nuboso; ;0%;;9;21;9;21;35;80;SE;35;75;
San Millán/Donemiliaga;Provincia de Araba/Álava;lun. 11;12–24 h;Intervalos nubosos con lluvia escasa; ;60%;;9;21;9;21;35;80;SE;30;75;
San Millán/Donemiliaga;Provincia de Araba/Álava;mar. 12;00–12 h;Cubierto con lluvia; ;90%;;9;16;9;16;60;85;SE;30;80;
San Millán/Donemiliaga;Provincia de Araba/Álava;mar. 12;12–24 h;Cubierto con lluvia; ;90%;;9;16;9;16;60;85;SE;15;;
San Millán/Donemiliaga;Provincia de Araba/Álava;mié. 13; ;Cubierto con lluvia; ;90%;;8;15;8;15;80;95;NE;15;;
San Millán/Donemiliaga;Provincia de Araba/Álava;jue. 14; ;Nuboso con lluvia escasa; ;55%;;8;18;8;18;65;95;NE;10;;
San Millán/Donemiliaga;Provincia de Araba/Álava;vie. 15; ;Nuboso con lluvia escasa; ;55%;;9;17;9;17;75;90;N;15;;
Urkabustaiz;Provincia de Araba/Álava;sáb. 09;12–18 h;Muy nuboso;11°C;20%;1300;5;13;2;13;60;100;C;0;;
Urkabustaiz;Provincia de Araba/Álava;sáb. 09;18–24 h;Poco nuboso;6°C;0%;;5;13;2;13;60;100;S;10;;
Urkabustaiz;Provincia de Araba/Álava;dom. 10;00–06 h;Poco nuboso;4°C;0%;;4;21;1;21;50;75;S;10;;
Urkabustaiz;Provincia de Araba/Álava;dom. 10;06–12 h;Nubes altas;17°C;0%;;4;21;1;21;50;75;S;20;40;
Urkabustaiz;Provincia de Araba/Álava;dom. 10;12–18 h;Poco nuboso;17°C;0%;;4;21;1;21;50;75;SE;20;;
Urkabustaiz;Provincia de Araba/Álava;dom. 10;18–24 h;Poco nuboso;12°C;0%;;4;21;1;21;50;75;S;20;35;
Urkabustaiz;Provincia de Araba/Álava;lun. 11;00–12 h;Muy nuboso; ;0%;;9;21;9;21;40;85;SE;25;70;
Urkabustaiz;Provincia de Araba/Álava;lun. 11;12–24 h;Intervalos nubosos con lluvia; ;80%;;9;21;9;21;40;85;SE;25;70;
Urkabustaiz;Provincia de Araba/Álava;mar. 12;00–12 h;Cubierto con lluvia; ;85%;;9;16;9;16;70;90;SE;20;60;
Urkabustaiz;Provincia de Araba/Álava;mar. 12;12–24 h;Cubierto con lluvia; ;90%;;9;16;9;16;70;90;S;10;;
Urkabustaiz;Provincia de Araba/Álava;mié. 13; ;Cubierto con lluvia escasa; ;95%;;7;14;7;14;85;90;NE;15;;
Urkabustaiz;Provincia de Araba/Álava;jue. 14; ;Nuboso; ;45%;;6;18;6;18;65;90;N;10;;
Urkabustaiz;Provincia de Araba/Álava;vie. 15; ;Muy nuboso con lluvia escasa; ;55%;;7;16;7;16;75;95;N;15;;
Valdegovía/Gaubea;Provincia de Araba/Álava;sáb. 09;12–18 h;Nubes altas;13°C;0%;;5;14;5;14;55;90;NE;10;;
Valdegovía/Gaubea;Provincia de Araba/Álava;sáb. 09;18–24 h;Poco nuboso;7°C;0%;;5;14;5;14;55;90;SO;5;;
Valdegovía/Gaubea;Provincia de Araba/Álava;dom. 10;00–06 h;Poco nuboso;4°C;0%;;4;22;4;22;50;80;SE;5;;
Valdegovía/Gaubea;Provincia de Araba/Álava;dom. 10;06–12 h;Nubes altas;17°C;0%;;4;22;4;22;50;80;S;15;;
Valdegovía/Gaubea;Provincia de Araba/Álava;dom. 10;12–18 h;Poco nuboso;19°C;0%;;4;22;4;22;50;80;SE;10;;
Valdegovía/Gaubea;Provincia de Araba/Álava;dom. 10;18–24 h;Poco nuboso;12°C;0%;;4;22;4;22;50;80;S;5;;
Valdegovía/Gaubea;Provincia de Araba/Álava;lun. 11;00–12 h;Muy nuboso; ;0%;;9;23;9;23;35;85;SE;25;55;
Valdegovía/Gaubea;Provincia de Araba/Álava;lun. 11;12–24 h;Nuboso con tormenta; ;85%;;9;23;9;23;35;85;SE;25;55;
Valdegovía/Gaubea;Provincia de Araba/Álava;mar. 12;00–12 h;Muy nuboso con lluvia; ;85%;;8;17;8;17;70;85;S;10;;
Valdegovía/Gaubea;Provincia de Araba/Álava;mar. 12;12–24 h;Cubierto con lluvia; ;80%;;8;17;8;17;70;85;S;10;;
Valdegovía/Gaubea;Provincia de Araba/Álava;mié. 13; ;Muy nuboso con lluvia escasa; ;90%;;7;16;7;16;75;85;NE;15;;
Valdegovía/Gaubea;Provincia de Araba/Álava;jue. 14; ;Nuboso; ;40%;;6;19;6;19;60;85;NE;10;;
Valdegovía/Gaubea;Provincia de Araba/Álava;vie. 15; ;Nuboso; ;40%;;7;18;7;18;65;90;NE;15;;
Villabuena de Álava/Eskuernaga;Provincia de Araba/Álava;sáb. 09;12–18 h;Nuboso;13°C;0%;;7;15;5;15;45;95;NE;5;;
Villabuena de Álava/Eskuernaga;Provincia de Araba/Álava;sáb. 09;18–24 h;Poco nuboso;8°C;0%;;7;15;5;15;45;95;E;15;;
Villabuena de Álava/Eskuernaga;Provincia de Araba/Álava;dom. 10;00–06 h;Poco nuboso;6°C;0%;;6;22;2;22;35;80;E;15;;
Villabuena de Álava/Eskuernaga;Provincia de Araba/Álava;dom. 10;06–12 h;Nubes altas;19°C;0%;;6;22;2;22;35;80;E;35;55;
Villabuena de Álava/Eskuernaga;Provincia de Araba/Álava;dom. 10;12–18 h;Poco nuboso;20°C;0%;;6;22;2;22;35;80;E;30;45;
Villabuena de Álava/Eskuernaga;Provincia de Araba/Álava;dom. 10;18–24 h;Poco nuboso;12°C;0%;;6;22;2;22;35;80;E;40;60;
Villabuena de Álava/Eskuernaga;Provincia de Araba/Álava;lun. 11;00–12 h;Nuboso; ;0%;;9;23;9;23;30;90;E;40;70;
Villabuena de Álava/Eskuernaga;Provincia de Araba/Álava;lun. 11;12–24 h;Nuboso con lluvia escasa; ;65%;;9;23;9;23;30;90;E;30;70;
Villabuena de Álava/Eskuernaga;Provincia de Araba/Álava;mar. 12;00–12 h;Cubierto con lluvia; ;90%;;9;16;9;16;75;90;E;25;65;
Villabuena de Álava/Eskuernaga;Provincia de Araba/Álava;mar. 12;12–24 h;Cubierto con lluvia; ;95%;;9;16;9;16;75;90;E;10;;
Villabuena de Álava/Eskuernaga;Provincia de Araba/Álava;mié. 13; ;Muy nuboso con lluvia escasa; ;90%;;9;17;9;17;70;95;N;15;;
Villabuena de Álava/Eskuernaga;Provincia de Araba/Álava;jue. 14; ;Nuboso; ;45%;;9;20;9;20;55;95;N;10;;
Villabuena de Álava/Eskuernaga;Provincia de Araba/Álava;vie. 15; ;Muy nuboso con lluvia escasa; ;50%;;8;19;8;19;60;85;N;10;;
Vitoria-Gasteiz;Provincia de Araba/Álava;sáb. 09;12–18 h;Muy nuboso;12°C;15%;1400;4;14;5;14;65;90;NE;10;;
Vitoria-Gasteiz;Provincia de Araba/Álava;sáb. 09;18–24 h;Poco nuboso;6°C;0%;;4;14;5;14;65;90;C;0;;
Vitoria-Gasteiz;Provincia de Araba/Álava;dom. 10;00–06 h;Poco nuboso;4°C;0%;;3;20;3;20;50;80;C;0;;
Vitoria-Gasteiz;Provincia de Araba/Álava;dom. 10;06–12 h;Nubes altas;18°C;0%;;3;20;3;20;50;80;SE;25;40;
Vitoria-Gasteiz;Provincia de Araba/Álava;dom. 10;12–18 h;Poco nuboso;18°C;0%;;3;20;3;20;50;80;SE;30;45;
Vitoria-Gasteiz;Provincia de Araba/Álava;dom. 10;18–24 h;Poco nuboso;12°C;0%;;3;20;3;20;50;80;SE;20;;
Vitoria-Gasteiz;Provincia de Araba/Álava;lun. 11;00–12 h;Poco nuboso; ;0%;;9;21;9;21;40;85;SE;30;60;
Vitoria-Gasteiz;Provincia de Araba/Álava;lun. 11;12–24 h;Intervalos nubosos con tormenta; ;80%;;9;21;9;21;40;85;SE;30;60;
Vitoria-Gasteiz;Provincia de Araba/Álava;mar. 12;00–12 h;Muy nuboso con lluvia; ;90%;;9;17;9;17;70;85;SE;30;65;
Vitoria-Gasteiz;Provincia de Araba/Álava;mar. 12;12–24 h;Cubierto con lluvia; ;95%;;9;17;9;17;70;85;S;10;;
Vitoria-Gasteiz;Provincia de Araba/Álava;mié. 13; ;Muy nuboso con lluvia escasa; ;95%;;7;16;7;16;80;90;NE;15;;
Vitoria-Gasteiz;Provincia de Araba/Álava;jue. 14; ;Nuboso; ;50%;;7;19;7;19;60;95;N;15;;
Vitoria-Gasteiz;Provincia de Araba/Álava;vie. 15; ;Nuboso con lluvia escasa; ;55%;;7;18;7;18;70;95;N;15;;
Yécora/Iekora;Provincia de Araba/Álava;sáb. 09;12–18 h;Poco nuboso;12°C;0%;;6;14;2;14;55;95;N;5;;
Yécora/Iekora;Provincia de Araba/Álava;sáb. 09;18–24 h;Poco nuboso;6°C;0%;;6;14;2;14;55;95;E;10;;
Yécora/Iekora;Provincia de Araba/Álava;dom. 10;00–06 h;Poco nuboso;5°C;0%;;5;20;1;20;50;85;E;15;;
Yécora/Iekora;Provincia de Araba/Álava;dom. 10;06–12 h;Nubes altas;17°C;0%;;5;20;1;20;50;85;SE;30;50;
Yécora/Iekora;Provincia de Araba/Álava;dom. 10;12–18 h;Poco nuboso;18°C;0%;;5;20;1;20;50;85;SE;25;45;
Yécora/Iekora;Provincia de Araba/Álava;dom. 10;18–24 h;Nuboso;11°C;0%;;5;20;1;20;50;85;E;35;55;
Yécora/Iekora;Provincia de Araba/Álava;lun. 11;00–12 h;Muy nuboso; ;0%;;8;21;8;21;40;90;E;35;70;
Yécora/Iekora;Provincia de Araba/Álava;lun. 11;12–24 h;Muy nuboso con lluvia escasa; ;65%;;8;21;8;21;40;90;E;30;70;
Yécora/Iekora;Provincia de Araba/Álava;mar. 12;00–12 h;Cubierto con lluvia; ;90%;;8;15;8;15;75;95;E;25;60;
Yécora/Iekora;Provincia de Araba/Álava;mar. 12;12–24 h;Cubierto con lluvia; ;90%;;8;15;8;15;75;95;E;15;;
Yécora/Iekora;Provincia de Araba/Álava;mié. 13; ;Muy nuboso con lluvia escasa; ;85%;;9;16;9;16;80;95;N;15;;
Yécora/Iekora;Provincia de Araba/Álava;jue. 14; ;Nuboso; ;45%;;8;19;8;19;60;100;N;10;;
Yécora/Iekora;Provincia de Araba/Álava;vie. 15; ;Nuboso; ;45%;;8;18;8;18;75;95;N;10;;
Zalduondo;Provincia de Araba/Álava;sáb. 09;12–18 h;Nuboso;11°C;5%;;4;12;2;12;60;100;NE;10;;
Zalduondo;Provincia de Araba/Álava;sáb. 09;18–24 h;Poco nuboso;6°C;0%;;4;12;2;12;60;100;SE;15;;
Zalduondo;Provincia de Araba/Álava;dom. 10;00–06 h;Poco nuboso;7°C;0%;;5;20;2;20;50;80;SE;30;55;
Zalduondo;Provincia de Araba/Álava;dom. 10;06–12 h;Nubes altas;16°C;0%;;5;20;2;20;50;80;SE;35;65;
Zalduondo;Provincia de Araba/Álava;dom. 10;12–18 h;Poco nuboso;18°C;0%;;5;20;2;20;50;80;SE;30;60;
Zalduondo;Provincia de Araba/Álava;dom. 10;18–24 h;Poco nuboso;11°C;0%;;5;20;2;20;50;80;SE;40;80;
Zalduondo;Provincia de Araba/Álava;lun. 11;00–12 h;Muy nuboso; ;0%;;9;21;9;21;35;80;SE;40;85;
Zalduondo;Provincia de Araba/Álava;lun. 11;12–24 h;Intervalos nubosos con lluvia escasa; ;60%;;9;21;9;21;35;80;SE;30;85;
Zalduondo;Provincia de Araba/Álava;mar. 12;00–12 h;Cubierto con lluvia; ;90%;;9;16;9;16;60;85;SE;30;80;
Zalduondo;Provincia de Araba/Álava;mar. 12;12–24 h;Cubierto con lluvia; ;90%;;9;16;9;16;60;85;SE;20;;
Zalduondo;Provincia de Araba/Álava;mié. 13; ;Cubierto con lluvia; ;90%;;8;15;8;15;80;95;N;15;;
Zalduondo;Provincia de Araba/Álava;jue. 14; ;Nuboso con lluvia escasa; ;50%;;8;18;8;18;65;95;N;10;;
Zalduondo;Provincia de Araba/Álava;vie. 15; ;Muy nuboso con lluvia escasa; ;50%;;8;17;8;17;75;90;N;15;;
Zambrana;Provincia de Araba/Álava;sáb. 09;12–18 h;Nuboso;14°C;0%;;6;15;6;15;55;95;NE;5;;
Zambrana;Provincia de Araba/Álava;sáb. 09;18–24 h;Poco nuboso;7°C;0%;;6;15;6;15;55;95;C;0;;
Zambrana;Provincia de Araba/Álava;dom. 10;00–06 h;Poco nuboso;4°C;0%;;4;24;4;24;50;80;E;5;;
Zambrana;Provincia de Araba/Álava;dom. 10;06–12 h;Nubes altas;19°C;0%;;4;24;4;24;50;80;SE;10;;
Zambrana;Provincia de Araba/Álava;dom. 10;12–18 h;Poco nuboso;20°C;0%;;4;24;4;24;50;80;SE;20;35;
Zambrana;Provincia de Araba/Álava;dom. 10;18–24 h;Poco nuboso;13°C;0%;;4;24;4;24;50;80;SE;20;;
Zambrana;Provincia de Araba/Álava;lun. 11;00–12 h;Muy nuboso; ;0%;;10;24;10;24;35;85;E;30;60;
Zambrana;Provincia de Araba/Álava;lun. 11;12–24 h;Intervalos nubosos con tormenta; ;80%;;10;24;10;24;35;85;SE;30;60;
Zambrana;Provincia de Araba/Álava;mar. 12;00–12 h;Cubierto con lluvia; ;90%;;10;17;10;17;75;90;E;25;55;
Zambrana;Provincia de Araba/Álava;mar. 12;12–24 h;Cubierto con lluvia; ;90%;;10;17;10;17;75;90;SE;10;;
Zambrana;Provincia de Araba/Álava;mié. 13; ;Cubierto con lluvia escasa; ;90%;;8;17;8;17;70;90;NE;15;;
Zambrana;Provincia de Araba/Álava;jue. 14; ;Muy nuboso; ;45%;;7;21;7;21;60;90;N;10;;
Zambrana;Provincia de Araba/Álava;vie. 15; ;Nuboso; ;50%;;7;21;7;21;65;90;NE;15;;
Zigoitia;Provincia de Araba/Álava;sáb. 09;12–18 h;Intervalos nubosos;12°C;25%;1300;5;13;3;13;60;100;E;10;;
Zigoitia;Provincia de Araba/Álava;sáb. 09;18–24 h;Poco nuboso;6°C;0%;;5;13;3;13;60;100;C;0;;
Zigoitia;Provincia de Araba/Álava;dom. 10;00–06 h;Poco nuboso;4°C;0%;;4;20;4;20;50;80;C;0;;
Zigoitia;Provincia de Araba/Álava;dom. 10;06–12 h;Nubes altas;17°C;0%;;4;20;4;20;50;80;SE;20;35;
Zigoitia;Provincia de Araba/Álava;dom. 10;12–18 h;Poco nuboso;18°C;0%;;4;20;4;20;50;80;SE;20;;
Zigoitia;Provincia de Araba/Álava;dom. 10;18–24 h;Poco nuboso;12°C;0%;;4;20;4;20;50;80;SE;20;30;
Zigoitia;Provincia de Araba/Álava;lun. 11;00–12 h;Muy nuboso; ;0%;;9;21;9;21;40;85;SE;30;60;
Zigoitia;Provincia de Araba/Álava;lun. 11;12–24 h;Intervalos nubosos con lluvia; ;65%;;9;21;9;21;40;85;SE;30;60;
Zigoitia;Provincia de Araba/Álava;mar. 12;00–12 h;Cubierto con lluvia; ;85%;;9;17;9;17;70;85;SE;30;60;
Zigoitia;Provincia de Araba/Álava;mar. 12;12–24 h;Cubierto con lluvia; ;95%;;9;17;9;17;70;85;S;15;;
Zigoitia;Provincia de Araba/Álava;mié. 13; ;Cubierto con lluvia escasa; ;95%;;7;15;7;15;80;95;NE;15;;
Zigoitia;Provincia de Araba/Álava;jue. 14; ;Nuboso; ;50%;;7;18;7;18;65;95;N;15;;
Zigoitia;Provincia de Araba/Álava;vie. 15; ;Nuboso con lluvia escasa; ;55%;;8;17;8;17;75;95;N;15;;
Zuia;Provincia de Araba/Álava;sáb. 09;12–18 h;Intervalos nubosos;11°C;25%;1300;5;13;3;13;55;100;C;0;;
Zuia;Provincia de Araba/Álava;sáb. 09;18–24 h;Poco nuboso;6°C;0%;;5;13;3;13;55;100;C;0;;
Zuia;Provincia de Araba/Álava;dom. 10;00–06 h;Poco nuboso;4°C;0%;;4;21;3;21;50;80;SE;5;;
Zuia;Provincia de Araba/Álava;dom. 10;06–12 h;Nubes altas;17°C;0%;;4;21;3;21;50;80;SE;20;;
Zuia;Provincia de Araba/Álava;dom. 10;12–18 h;Poco nuboso;17°C;0%;;4;21;3;21;50;80;SE;20;;
Zuia;Provincia de Araba/Álava;dom. 10;18–24 h;Poco nuboso;12°C;0%;;4;21;3;21;50;80;SE;20;40;
Zuia;Provincia de Araba/Álava;lun. 11;00–12 h;Muy nuboso; ;0%;;9;21;9;21;40;85;SE;25;65;
Zuia;Provincia de Araba/Álava;lun. 11;12–24 h;Intervalos nubosos con lluvia; ;75%;;9;21;9;21;40;85;SE;25;65;
Zuia;Provincia de Araba/Álava;mar. 12;00–12 h;Cubierto con lluvia; ;80%;;9;17;9;17;70;85;SE;25;60;
Zuia;Provincia de Araba/Álava;mar. 12;12–24 h;Cubierto con lluvia; ;90%;;9;17;9;17;70;85;S;10;;
Zuia;Provincia de Araba/Álava;mié. 13; ;Cubierto con lluvia escasa; ;95%;;7;15;7;15;80;90;NE;15;;
Zuia;Provincia de Araba/Álava;jue. 14; ;Muy nuboso; ;45%;;7;18;7;18;60;95;N;10;;
Zuia;Provincia de Araba/Álava;vie. 15; ;Muy nuboso con lluvia escasa; ;55%;;8;16;8;16;70;95;N;15;;
Ceuta (Ceuta);Ceuta (Ceuta);sáb. 09;12–18 h;Cielo despejado;17°C;0%;;14;20;14;20;50;85;O;20;;
Ceuta (Ceuta);Ceuta (Ceuta);sáb. 09;18–24 h;Poco nuboso;16°C;0%;;14;20;14;20;50;85;O;5;;
Ceuta (Ceuta);Ceuta (Ceuta);dom. 10;00–06 h;Poco nuboso;15°C;0%;;14;18;15;19;65;95;SE;5;;
Ceuta (Ceuta);Ceuta (Ceuta);dom. 10;06–12 h;Nuboso;18°C;0%;;14;18;15;19;65;95;E;20;30;
Ceuta (Ceuta);Ceuta (Ceuta);dom. 10;12–18 h;Muy nuboso;17°C;0%;;14;18;15;19;65;95;SE;10;;
Ceuta (Ceuta);Ceuta (Ceuta);dom. 10;18–24 h;Muy nuboso;16°C;0%;;14;18;15;19;65;95;NE;10;;
Ceuta (Ceuta);Ceuta (Ceuta);lun. 11;00–12 h;Nuboso; ;0%;;15;20;15;20;70;95;NE;10;;
Ceuta (Ceuta);Ceuta (Ceuta);lun. 11;12–24 h;Nuboso con lluvia; ;95%;;15;20;15;20;70;95;O;20;;
Ceuta (Ceuta);Ceuta (Ceuta);mar. 12;00–12 h;Nuboso con lluvia; ;100%;;14;19;14;19;55;85;O;20;;
Ceuta (Ceuta);Ceuta (Ceuta);mar. 12;12–24 h;Intervalos nubosos con tormenta; ;80%;;14;19;14;19;55;85;O;20;30;
Ceuta (Ceuta);Ceuta (Ceuta);mié. 13; ;Intervalos nubosos; ;40%;;13;19;13;19;60;90;O;30;55;
Ceuta (Ceuta);Ceuta (Ceuta);jue. 14; ;Cielo despejado; ;5%;;14;20;14;20;75;95;O;20;45;
Ceuta (Ceuta);Ceuta (Ceuta);vie. 15; ;Poco nuboso; ;0%;;15;21;15;21;80;95;O;25;35;
Melilla (Melilla);Melilla (Melilla);sáb. 09;12–18 h;Cielo despejado;18°C;0%;;15;21;14;21;50;70;O;15;;
Melilla (Melilla);Melilla (Melilla);sáb. 09;18–24 h;Poco nuboso;15°C;0%;;15;21;14;21;50;70;C;0;;
Melilla (Melilla);Melilla (Melilla);dom. 10;00–06 h;Poco nuboso;14°C;0%;;13;19;13;19;45;95;SE;5;;
Melilla (Melilla);Melilla (Melilla);dom. 10;06–12 h;Nuboso;18°C;0%;;13;19;13;19;45;95;NE;15;;
Melilla (Melilla);Melilla (Melilla);dom. 10;12–18 h;Muy nuboso;17°C;0%;;13;19;13;19;45;95;C;0;;
Melilla (Melilla);Melilla (Melilla);dom. 10;18–24 h;Muy nuboso;14°C;0%;;13;19;13;19;45;95;E;10;;
Melilla (Melilla);Melilla (Melilla);lun. 11;00–12 h;Nuboso; ;0%;;14;21;14;21;75;95;E;15;;
Melilla (Melilla);Melilla (Melilla);lun. 11;12–24 h;Nuboso; ;15%;;14;21;14;21;75;95;O;25;40;
Melilla (Melilla);Melilla (Melilla);mar. 12;00–12 h;Muy nuboso con lluvia; ;85%;;14;18;14;18;75;85;NO;15;;
Melilla (Melilla);Melilla (Melilla);mar. 12;12–24 h;Nuboso con lluvia; ;90%;;14;18;14;18;75;85;NO;15;;
Melilla (Melilla);Melilla (Melilla);mié. 13; ;Nuboso con lluvia escasa; ;80%;;14;19;14;19;65;75;O;35;70;
Melilla (Melilla);Melilla (Melilla);jue. 14; ;Nuboso con lluvia escasa; ;55%;;15;19;15;19;60;80;E;5;;
Melilla (Melilla);Melilla (Melilla);vie. 15; ;Intervalos nubosos; ;20%;;14;21;14;21;70;85;NO;15;;
